region,dlp1,dlp2,dlgap,dshare,dlvol_ddu,dlvol_non,dpv,dlsub,E,w
Алтайский край,-0.030784735197821433,-0.0164945892538384,-0.014290145943983035,-0.2592089054317567,-0.9195082912833623,0.13188282743787383,-0.09071009085893444,-1.0663253861368371,0.18817139399756402,18832.0
Амурская область,0.010429609926323025,-0.05750604973174589,0.06793565965806891,0.08410040712734795,-0.0971028879810909,-0.42382287852331046,-0.048102678451556025,-0.17058971106240417,0.06190869053904527,11806.0
Архангельская область без данных по Ненецкому автономному округу,0.0943454796324712,0.02415209576477828,0.07019338386769292,0.030979665755467456,-0.21738561430225722,-0.3434861899809807,-0.053747334870132946,-0.29962755636643035,0.11150061233828848,13732.0
Астраханская область,-0.07922540362470265,0.008883873181366297,-0.08810927680606895,-0.13564995932387308,-0.7229862952312267,-0.17690804321163256,-0.10644098273873914,-0.8876808462168126,0.20785255455735896,13363.0
Белгородская область,0.14781421376343573,-0.04467287928577335,0.19248709304920908,-0.035106685655849734,-0.4781913849998709,-0.34342571073074346,-0.06261424593221365,-0.5776686905212616,0.1592783155269531,17786.0
Брянская область,0.0033565268677566706,-0.1945445167549451,0.19790104362270178,-0.10485936755142505,-0.7660174349121167,-0.3402319246929455,-0.1244483540936494,-0.974264673896811,0.24286125553106586,10458.0
Владимирская область,-0.0814892629710382,0.0013966578912700811,-0.08288592086230828,-0.20273671910658414,-0.7042416722876776,0.12294917298238062,-0.08122228328836878,-0.8391678120154005,0.23578291943112653,10594.0
Волгоградская область,0.021036693174009358,-0.02202306235527196,0.04305975552928132,-0.19564529692389293,-0.7370304750861614,0.059622885443857854,-0.0906043337549799,-0.8873104937499754,0.1438696203056707,19555.0
Вологодская область,-0.00638587358813858,0.041415247988027204,-0.047801121576165784,-0.14094923560514705,-0.5584441416385308,0.008961217310833547,-0.09721643789271284,-0.7196531008726863,0.2094981887747234,10773.0
Воронежская область,-0.007968860943828204,-0.054927513250131454,0.04695865230630325,-0.13380605933720102,-0.7001593151493921,-0.16046350206911875,-0.10742343003155597,-0.8767960218884543,0.15012346614200628,24743.0
Забайкальский край,0.09435003331210723,0.06665686770676515,0.027693165605342074,-0.06824968923913122,-0.3600165463529468,-0.07500032542264368,-0.054171195549540196,-0.44125262293532863,0.07998961374629682,14478.0
Ивановская область,0.004989553228151422,0.056981028023360025,-0.0519914747952086,-0.21575131199155734,-0.7595453463145629,0.13215439184350775,-0.04406181941648046,-0.8514468698394131,0.21552678355031638,6608.0
Иркутская область,0.02383465397658746,-0.11505767262311117,0.13889232659969863,-0.19229494629613492,-0.8117343351253083,-0.005345016379246559,-0.11747826215587098,-1.0044198654192318,0.18044249911594923,23596.0
Кабардино-Балкарская Республика,-0.11458067285815154,0.0526151022628234,-0.16719577512097494,-0.14806294465859193,-1.1386158317797532,-0.5261382830279944,-0.07597033064495617,-1.2622760804613904,0.3153988527894116,4331.0
Калининградская область,0.10666743052208183,0.038364045588485496,0.06830338493359633,-0.17299889093858056,-0.8403432897761434,-0.1364675947068008,-0.10692114783898454,-1.0152030499578926,0.05466745061960473,13721.0
Калужская область,0.10540139841446994,0.04123098670441294,0.064170411710057,-0.08781906458594702,-0.5109588107429799,-0.15195443197407155,-0.08545216034225334,-0.6533398893648572,0.10173454554316333,10371.0
Камчатский край,0.05097198649049872,-0.03981001963572339,0.09078200612622211,-0.17566061724267157,-0.4646250981386073,0.23995336057387107,-0.12987784375620415,-0.6670721118556573,0.16910831244830127,4117.0
Карачаево-Черкесская Республика,-0.11224356626559384,-0.12719454968002353,0.014950983414429686,-0.17814061175181573,-0.770685779754972,-0.03869435290101286,-0.09630003182357294,-0.9232453679444772,0.14982257878713104,2551.0
Кемеровская область - Кузбасс,0.04967040973085979,0.0400831116377347,0.009587298093125085,-0.19070250835615976,-0.7499933632887856,0.03232709922650123,-0.11854850101075665,-0.9400410314461976,0.169462849691679,19470.0
Кировская область,0.01049338499238317,0.0016881767701963923,0.008805208222186778,-0.09642515780954425,-0.3644827633113774,0.0257481482702131,-0.07546468551502139,-0.4844550221638668,0.21271426039277846,12692.0
Костромская область,0.027033392240566556,-0.1345137637531746,0.16154715599374114,-0.13237504689694718,-0.2867146102066105,0.24653967436483715,-0.101220973207933,-0.4523577454501817,0.14937337796914393,5455.0
Краснодарский край,-0.034717248704870585,-0.04159579828775506,0.0068785495828844745,-0.1611743445496444,-0.8824156006839612,-0.23126642507976847,-0.11353322032721325,-1.0671801587690553,0.08001676705413031,71908.0
Красноярский край,0.019123643999048312,-0.04806475922915432,0.06718840322820263,-0.14764428193808316,-0.8709908219966422,-0.26847846684991516,-0.119418901959775,-1.0674966462697242,0.20409709730994097,31258.0
Курганская область,-0.02533836582018978,0.00533464532030159,-0.03067301114049137,-0.14036698710594586,-0.7553000410364135,-0.1862102059293429,-0.12381904137074962,-0.9642123886285843,0.21047738529627524,8191.0
Курская область,-0.15295488141173408,-0.11799636743670483,-0.03495851397502925,-0.17576674346510263,-0.9148072241968475,-0.20563549130937098,-0.11455389321085929,-1.097194974920919,0.15426621819188113,12632.0
Липецкая область,0.0428111873875725,0.034035341119817986,0.008775846267754517,-0.16027499630612896,-0.7019110925035248,-0.048482824434398886,-0.08229646327966644,-0.8400766204159211,0.15246850127591946,9595.0
Магаданская область,0.04446256456488129,0.1148043290814158,-0.07034176451653451,-0.09041319398421194,-0.8061497831852336,-0.396293300970858,-0.1647686241267854,-1.1061170048222593,0.22080603218540107,2269.0
Нижегородская область,0.025011247394846947,0.11809811710322826,-0.09308686970838131,-0.25112122507867185,-0.7676615491266858,0.24827727862857252,-0.0949650199561598,-0.9265784077267654,0.16970021675653854,31336.0
Новгородская область,0.08985080165429338,0.035537198852193086,0.05431360280210029,-0.20595238295745633,-0.5436127331596463,0.29019517109597537,-0.08175260837119669,-0.6791721091395981,0.29270808917188823,4680.0
Новосибирская область,0.01877904363088767,0.09275386203448299,-0.07397481840359532,-0.2075399666644998,-0.7586312241342394,0.08349466674095929,-0.10041011029990432,-0.9207635828612464,0.16953419978933415,38414.0
Омская область,-0.012199550294335282,0.03177914240646018,-0.04397869270079546,-0.17924533204361376,-0.5415436111838687,0.19965226021483318,-0.12797621543382565,-0.7483491380828289,0.1799060162406526,18727.0
Оренбургская область,-0.018963648472041683,0.02780151002910003,-0.04676515850114171,-0.14820823645250364,-0.8195444434019485,-0.20145491963236317,-0.10920959553761889,-1.0034717231172934,0.18055042264686494,23138.0
Орловская область,-0.04268936274044677,-0.02903151797958259,-0.01365784476086418,-0.024848112196038663,-0.6137414214410901,-0.5153144492619361,-0.052530072096760194,-0.6986315966131862,0.1896784348623358,6170.0
Пензенская область,0.03635019834859676,-0.0872112542940151,0.12356145264261187,-0.19274526039305412,-0.7230299775856519,0.06501250606500442,-0.10808815829176421,-0.9000934096307587,0.20703070490914996,12561.0
Пермский край,-0.055507287969556174,-0.07123620481116966,0.015728916841613483,-0.1463425300856802,-0.8376657704419603,-0.24422820658545952,-0.13453266609205228,-1.0586484762263897,0.19571402797309798,33916.0
Приморский край,0.019866144163424693,0.0434424912382525,-0.023576347074827808,-0.05438057507160665,-0.21260292401339775,-0.0059114790924184035,-0.058121439483055815,-0.30033071397020095,0.08807481830512681,26293.0
Псковская область,-0.08857507690296806,0.04206992176354518,-0.13064499866651325,-0.16953151837702235,-0.6725250724175487,0.016098768157983834,-0.08967908548038195,-0.8204197613273818,0.18686154191028073,4863.0
Республика Адыгея (Адыгея),-0.057751833752050175,0.03869122331166963,-0.0964430570637198,-0.16975736948637532,-1.1292811961109672,-0.367876341204723,-0.11768324539560626,-1.3104892481066353,-0.16960490609311085,5435.0
Республика Алтай,0.38273622989417966,-0.01610056595781373,0.3988367958519934,-0.28822938167092094,-1.0640386753991562,0.1311601648246441,-0.16851020585686205,-1.3406677765322232,0.09919731319608108,1928.0
Республика Башкортостан,0.002192873250859151,0.03388197014715999,-0.03168909689630084,-0.07466187193137203,-0.5552507513547909,-0.25066818766929977,-0.10604120623317004,-0.7325081773881195,0.12232011625932224,58725.0
Республика Бурятия,0.05203747556348759,-0.014910830624087268,0.06694830618757486,-0.09928846096262844,-0.5675972980751336,-0.1628837661185596,-0.04266198618589345,-0.6306519761951179,0.09423142212991478,17484.0
Республика Дагестан,0.263900630922862,-0.19091463439715994,0.4548152653200219,-0.047410767608103144,-0.6627880203790193,-0.4555208484785469,-0.07230218103335395,-0.7813875091749898,0.10352453337269567,9242.0
Республика Ингушетия,0.033371057142526084,-0.012261009956501923,0.045632067099028006,-0.09586497913377373,-0.23316510977522942,0.1350219501276868,-0.10911637914130201,-0.4050737678101095,0.11103424703253213,473.0
Республика Калмыкия,-0.027663588465799194,-0.026834933745321976,-0.0008286547204772177,-0.2700372940999266,-1.2895188533463662,-0.14367530313807375,-0.07382424670508136,-1.4125059826055306,0.06820048909502006,6975.0
Республика Карелия,-0.07068949729139185,0.07153036509450494,-0.1422198623858968,-0.0542513294052287,-0.2587402937116048,-0.04146871819415132,-0.11990310120384395,-0.45466583095412627,0.13776207232018692,5175.0
Республика Коми,-0.004988426154687531,0.02360186437477374,-0.02859029052946127,-0.15302761468026266,-0.5335188845093386,0.08419318964054678,-0.11160135634822399,-0.7171151023292719,0.23619174828637762,7176.0
Республика Марий Эл,-0.002789386285028783,0.007577302001980257,-0.01036668828700904,-0.07389931811160744,-0.8342108858077122,-0.5368684258029637,-0.10375118772447822,-1.0044642514547482,0.16398548223548487,8331.0
Республика Мордовия,0.017339918146269895,0.018160899723040913,-0.0008209815767710182,-0.2450608843166796,-0.8623711382031907,0.14089598461878605,-0.06741849468947636,-0.975530282767914,0.15534410387277195,7887.0
Республика Саха (Якутия),-0.08559278047705732,0.2576198997931467,-0.343212680270204,-0.0699194984642234,-0.3071417546249222,-0.0185582644671225,-0.04098960073305047,-0.3677938599006527,0.04207929683448034,18234.0
Республика Татарстан (Татарстан),-0.1392976719633321,0.1664495876532257,-0.3057472596165578,-0.22038759864260904,-0.9150455241041477,-0.025696779999334396,-0.10415303177704072,-1.0904770033587585,0.20480994669270147,67400.0
Республика Тыва,-0.08906130666554724,0.06222314108251403,-0.15128444774806127,-0.4037867703891894,-1.2841602034295283,0.5591951404590443,-0.044635779688787736,-1.3441015109603685,0.062068683520329127,4368.0
Республика Хакасия,-0.012718929277905744,-0.1112497543423121,0.09853082506440636,-0.19253289502807164,-1.1669818156808862,-0.3511102412153102,-0.0918562025767673,-1.3179518504812622,0.04119890874647951,5506.0
Ростовская область,-0.0786117904916317,-0.1060790661417581,0.02746727565012641,-0.23656545581678068,-0.9551182698418046,0.049105612019259226,-0.13648965106963107,-1.1706651344066383,0.08911042479394934,55599.0
Рязанская область,-0.06606942325245058,0.019408451781778524,-0.0854778750342291,-0.1971311995092726,-0.8243518330667463,0.011313685631814785,-0.10621408389526477,-1.0043759703287591,0.0821239676475986,12438.0
Самарская область,-0.03114473826441788,-0.006454157838916785,-0.024690580425501096,-0.24671642497320911,-0.9254435719330942,0.11852035210977974,-0.09970293162040123,-1.0919382222944263,0.22967213203165926,27443.0
Саратовская область,0.01472108862110133,0.05448617632797692,-0.03976508770687559,-0.23952918379994081,-0.6574459085081727,0.33906384635642084,-0.10115270998634751,-0.8289729090544746,0.22823456288280303,17235.0
Сахалинская область,-0.002611424104877358,0.13243145503507492,-0.13504287913995228,-0.005096356660771129,-0.4350341080764961,-0.4142591392685775,-0.055510123456599114,-0.516819039091394,0.16733282838661007,7746.0
Свердловская область,-0.007213068401100031,-0.08631569867268851,0.07910263027158848,-0.18312894492225062,-0.6558822452197841,0.08807640277304074,-0.12182474652709396,-0.8647425427218813,0.16955015514857308,60210.0
Смоленская область,-0.05506473041469029,0.019730650147646855,-0.07479538056233714,-0.173004611847484,-0.588433175723253,0.11139761407667326,-0.12206885865619643,-0.7996897304431307,0.21586663089676425,6657.0
Ставропольский край,0.25122255297739393,0.04140045963947259,0.20982209333792134,-0.1833039059534219,-0.9166916182662614,-0.17028739381084002,-0.09077084836554461,-1.0643904543118339,0.10061578729769467,26641.0
Тамбовская область,-0.03902982616623518,0.09378196398402316,-0.13281179015025835,-0.1452076530536816,-0.7037512653032474,-0.11678405082717269,-0.08441141133232966,-0.8422426027350651,0.14885470536939496,7382.0
Тверская область,0.08386848144348846,0.19241445366562715,-0.10854597222213869,-0.1570107028770681,-0.8628651438385848,-0.22327171185355965,-0.10050892402229383,-1.0310117130102405,0.06443508112472242,10113.0
Томская область,-0.0010445416493922721,0.07364021802427345,-0.07468475967366572,-0.21479347188860848,-0.7480629153604532,0.1502615680443622,-0.10112689399482055,-0.9092400233477216,0.12901821852311626,10663.0
Тульская область,0.29562143073875013,-0.09744775540277928,0.3930691861415294,-0.19215762726240365,-0.6847107535912826,0.10391618356988808,-0.1198916644394652,-0.8832962118260514,0.1179827446415754,17271.0
Тюменская область без данных по Ханты-Мансийскому автономному округу - Югре и Ямало-Ненецкому автономному округу,-0.033888898405335155,0.052939173183981225,-0.08682807158931638,-0.2062957778389936,-0.9535059523054574,-0.10859753131369843,-0.139134449172158,-1.1871136373371147,0.21464610960460534,29971.0
Удмуртская Республика,0.06767159705515446,-0.06400444328644284,0.1316760403415973,-0.07687825430671541,-0.6177701999833936,-0.3100969818116148,-0.1036238503057556,-0.7879870088171739,0.18646970691001538,25180.0
Ульяновская область,0.020227272782157968,0.1554120919749611,-0.13518481919280312,-0.12954141407316527,-0.5319587628167657,-0.006846076727887507,-0.09265755061995495,-0.6834111211892004,0.17913088233360233,11808.0
Хабаровский край,-0.02473506792100366,0.009777516960529198,-0.03451258488153286,-0.06274543122150633,-0.37898665665441733,-0.12856045714242015,-0.05310982739934356,-0.45858311469823043,0.10003710485796946,18455.0
Челябинская область,0.02833344640220936,-0.0416684075908087,0.07000185399301806,-0.11015348956660032,-0.5050274870204952,-0.03173868980761618,-0.1299616881678639,-0.720737379739079,0.1139231215935957,36896.0
Чеченская Республика,-0.08755685369962762,-0.09410762568218622,0.006550771982558601,-0.07605869882858418,-0.6496908888344031,-0.3515372111452093,-0.20654720014612565,-1.0596453359032019,0.28786274732660166,2126.0
Чувашская Республика - Чувашия,-0.005952689297032521,0.16722427110194893,-0.17317696039898145,-0.1829823261727781,-0.921797376984145,-0.1290988192875986,-0.0769606134855153,-1.0489983637175815,0.15410631000612487,18473.0
Ярославская область,0.17642506006918346,0.02918431713570868,0.14724074293347478,-0.1627596208728671,-0.7696187756393691,-0.11530164480499838,-0.10391740373325609,-0.9463379655041564,0.17419056404511782,10572.0
в том числе Ханты-Мансийский автономный округ - Югра,0.10200457580107525,0.03284619794344934,0.06915837785762591,-0.13490964226738733,-0.89253566100043,-0.33423583258469236,-0.1253609248347164,-1.1052940130255884,0.16790104594553426,32745.0
в том числе Ямало-Ненецкий автономный округ,0.14112244884983127,-0.01280992316085161,0.15393237201068288,-0.15529577767044678,-0.7294783622992753,-0.1007272724037005,-0.11244905966626173,-0.9139089357627963,0.10277097931627341,12466.0
