centre,year,q,perv,vtor
Алтайский край,2021,1,57767.78,58067.56
Алтайский край,2021,2,59691.58,59759.8
Алтайский край,2021,3,64919.09,61746.88
Алтайский край,2021,4,67441.46,64262.72
Алтайский край,2022,1,79626.0,79608.0
Алтайский край,2022,2,85726.0,83047.0
Алтайский край,2022,3,88135.0,78182.0
Алтайский край,2022,4,90955.0,81553.0
Алтайский край,2023,1,93753.95,91360.79
Алтайский край,2023,2,97742.23,93932.31
Алтайский край,2023,3,101847.42,95618.32350316885
Алтайский край,2023,4,109783.98,96735.79
Алтайский край,2024,1,116380.19,98966.31
Алтайский край,2024,2,119203.79,99200.18
Алтайский край,2024,3,123986.05,103047.26
Алтайский край,2024,4,127188.27,102885.74
Алтайский край,2025,1,138620.14,101639.05
Алтайский край,2025,2,136836.59,103555.29
Алтайский край,2025,3,138280.77,104617.53
Алтайский край,2025,4,143418.55,105014.48
Алтайский край,2026,1,144524.31,103122.49
Алтайский край,2026,2,149620.42,103968.74
Амурская область,2021,1,92052.68,97002.4
Амурская область,2021,2,100877.67,102287.91
Амурская область,2021,3,102064.53,100841.76
Амурская область,2021,4,108517.27,104468.33
Амурская область,2022,1,115972.0,115621.0
Амурская область,2022,2,127146.0,117356.0
Амурская область,2022,3,128450.0,120684.0
Амурская область,2022,4,134109.0,116274.0
Амурская область,2023,1,136489.31,119962.52
Амурская область,2023,2,138717.24,125000.04
Амурская область,2023,3,142573.66,131687.5036344461
Амурская область,2023,4,147680.63,127960.12
Амурская область,2024,1,157096.9,133080.26
Амурская область,2024,2,162456.09,134297.86
Амурская область,2024,3,166079.01,134402.7
Амурская область,2024,4,170784.45,137274.45
Амурская область,2025,1,170699.45,146792.28
Амурская область,2025,2,171923.82,145449.14
Амурская область,2025,3,172984.21,147270.26
Амурская область,2025,4,176607.11,146538.4
Амурская область,2026,1,177993.7,142739.33
Амурская область,2026,2,179649.26,146587.97
Архангельская область (кроме Ненецкого автономного округа),2021,1,85445.24,70414.37
Архангельская область (кроме Ненецкого автономного округа),2021,2,87448.6,71641.02
Архангельская область (кроме Ненецкого автономного округа),2021,3,90046.18,74102.03
Архангельская область (кроме Ненецкого автономного округа),2021,4,92076.76,75115.73
Архангельская область (кроме Ненецкого автономного округа),2022,1,109637.0,85657.0
Архангельская область (кроме Ненецкого автономного округа),2022,2,113120.0,86682.0
Архангельская область (кроме Ненецкого автономного округа),2022,3,114773.0,88103.0
Архангельская область (кроме Ненецкого автономного округа),2022,4,115795.0,89393.0
Архангельская область (кроме Ненецкого автономного округа),2023,1,116440.22,94932.51
Архангельская область (кроме Ненецкого автономного округа),2023,2,123420.07,96240.01
Архангельская область (кроме Ненецкого автономного округа),2023,3,127001.18,99112.0898095322
Архангельская область (кроме Ненецкого автономного округа),2023,4,128300.67,100979.06
Архангельская область (кроме Ненецкого автономного округа),2024,1,133481.15,94537.63
Архангельская область (кроме Ненецкого автономного округа),2024,2,135590.7,97125.79
Архангельская область (кроме Ненецкого автономного округа),2024,3,134742.32,97707.82
Архангельская область (кроме Ненецкого автономного округа),2024,4,134528.65,99686.62
Архангельская область (кроме Ненецкого автономного округа),2025,1,132331.8,105229.25
Архангельская область (кроме Ненецкого автономного округа),2025,2,133405.5,107067.68
Архангельская область (кроме Ненецкого автономного округа),2025,3,132722.45,105408.7
Архангельская область (кроме Ненецкого автономного округа),2025,4,138413.9,107800.98
Архангельская область (кроме Ненецкого автономного округа),2026,1,147232.34,115357.61
Архангельская область (кроме Ненецкого автономного округа),2026,2,150838.56,118613.29
Астраханская область,2021,1,66947.95,46738.17
Астраханская область,2021,2,68493.51,48452.95
Астраханская область,2021,3,73562.6,50496.57
Астраханская область,2021,4,76196.87,52794.07
Астраханская область,2022,1,91587.0,57577.0
Астраханская область,2022,2,98768.0,62168.0
Астраханская область,2022,3,98340.0,61047.0
Астраханская область,2022,4,100858.0,59311.0
Астраханская область,2023,1,104924.88,66099.17
Астраханская область,2023,2,106854.95,67295.83
Астраханская область,2023,3,107852.75,67938.69255248552
Астраханская область,2023,4,107613.81,72171.86
Астраханская область,2024,1,121225.05,71709.55
Астраханская область,2024,2,127488.12,77882.17
Астраханская область,2024,3,134608.68,79416.12
Астраханская область,2024,4,137056.49,83605.09
Астраханская область,2025,1,149178.35,84784.1
Астраханская область,2025,2,155992.9,83711.21
Астраханская область,2025,3,159475.96,81710.05
Астраханская область,2025,4,155619.46,82291.6
Астраханская область,2026,1,163717.35,83574.47
Астраханская область,2026,2,163629.64,83131.31
Белгородская область,2021,1,68938.83,67876.57
Белгородская область,2021,2,72448.98,71193.15
Белгородская область,2021,3,71533.88,74239.3
Белгородская область,2021,4,74659.89,75112.76
Белгородская область,2022,1,99135.0,90721.0
Белгородская область,2022,2,99960.0,90210.0
Белгородская область,2022,3,102585.0,88646.0
Белгородская область,2022,4,103222.0,86082.0
Белгородская область,2023,1,102065.22,83048.63
Белгородская область,2023,2,102284.29,82827.45
Белгородская область,2023,3,101707.95,83906.07505996015
Белгородская область,2023,4,103088.4,88738.34
Белгородская область,2024,1,110792.61,89617.15
Белгородская область,2024,2,111828.91,87728.69
Белгородская область,2024,3,112642.69,87228.06
Белгородская область,2024,4,111617.58,89818.39
Белгородская область,2025,1,108112.79,99616.45
Белгородская область,2025,2,108641.8,100404.82
Белгородская область,2025,3,113952.34,99074.98
Белгородская область,2025,4,124711.69,99856.99
Белгородская область,2026,1,133359.29,100798.05
Белгородская область,2026,2,140723.43,106749.68
Брянская область,2021,1,45113.87,38081.99
Брянская область,2021,2,46626.23,38399.99
Брянская область,2021,3,48357.07,38559.73
Брянская область,2021,4,50771.5,39518.66
Брянская область,2022,1,69822.0,57420.0
Брянская область,2022,2,70867.0,57534.0
Брянская область,2022,3,71150.0,57944.0
Брянская область,2022,4,71802.0,58561.0
Брянская область,2023,1,80817.12,67324.62
Брянская область,2023,2,80716.28,67503.93
Брянская область,2023,3,81482.3,67622.59242339864
Брянская область,2023,4,83906.25,67069.55
Брянская область,2024,1,87589.31,70375.31
Брянская область,2024,2,88212.05,71484.03
Брянская область,2024,3,89850.46,72136.63
Брянская область,2024,4,90504.56,69781.79
Брянская область,2025,1,97345.21,85288.56
Брянская область,2025,2,97929.77,84467.37
Брянская область,2025,3,98798.34,85932.14
Брянская область,2025,4,103769.6,88528.01
Брянская область,2026,1,112267.85,87901.6
Брянская область,2026,2,112660.62,88214.09
Владимирская область,2021,1,46161.53,53290.81
Владимирская область,2021,2,48997.73,61027.32
Владимирская область,2021,3,51770.32,67107.64
Владимирская область,2021,4,54649.4,70359.22
Владимирская область,2022,1,65498.0,77803.0
Владимирская область,2022,2,68930.0,79118.0
Владимирская область,2022,3,71816.0,79935.0
Владимирская область,2022,4,72211.0,81271.0
Владимирская область,2023,1,75311.94,89693.11
Владимирская область,2023,2,75750.42,89921.61
Владимирская область,2023,3,78571.26,91323.91998302357
Владимирская область,2023,4,86676.09,93467.88
Владимирская область,2024,1,85463.57,87140.81
Владимирская область,2024,2,88550.83,91554.22
Владимирская область,2024,3,90955.41,94115.98
Владимирская область,2024,4,92059.25,96378.43
Владимирская область,2025,1,99229.49,103612.53
Владимирская область,2025,2,107113.24,103462.0
Владимирская область,2025,3,101350.97,101605.72
Владимирская область,2025,4,104774.52,102783.79
Владимирская область,2026,1,110775.29,108331.88
Владимирская область,2026,2,112367.59,110492.35
Волгоградская область,2021,1,52897.71,48455.83
Волгоградская область,2021,2,53818.91,50075.41
Волгоградская область,2021,3,56630.7,52339.77
Волгоградская область,2021,4,59977.87,53906.89
Волгоградская область,2022,1,69863.0,63332.0
Волгоградская область,2022,2,76252.0,65470.0
Волгоградская область,2022,3,80261.0,66286.0
Волгоградская область,2022,4,81994.0,67602.0
Волгоградская область,2023,1,81215.81,72526.62
Волгоградская область,2023,2,83431.53,74082.9
Волгоградская область,2023,3,86994.58,74718.90629359144
Волгоградская область,2023,4,91585.61,77203.0
Волгоградская область,2024,1,104649.14,81494.97
Волгоградская область,2024,2,106924.44,83093.61
Волгоградская область,2024,3,109303.03,84759.9
Волгоградская область,2024,4,113343.1,85969.5
Волгоградская область,2025,1,120764.72,93103.51
Волгоградская область,2025,2,121859.01,91496.32
Волгоградская область,2025,3,121993.48,91648.09
Волгоградская область,2025,4,124747.6,93155.71
Волгоградская область,2026,1,134294.58,97089.35
Волгоградская область,2026,2,136971.71,96984.92
Вологодская область,2021,1,52422.42,45741.99
Вологодская область,2021,2,53658.16,46747.48
Вологодская область,2021,3,53914.46,47786.47
Вологодская область,2021,4,57611.68,52864.43
Вологодская область,2022,1,65152.0,58359.0
Вологодская область,2022,2,69148.0,60056.0
Вологодская область,2022,3,74615.0,61365.0
Вологодская область,2022,4,78795.0,63262.0
Вологодская область,2023,1,77648.48,71532.21
Вологодская область,2023,2,77975.08,68471.39
Вологодская область,2023,3,79563.71,71244.0246304415
Вологодская область,2023,4,79781.81,75382.59
Вологодская область,2024,1,79968.74,80473.4
Вологодская область,2024,2,81584.1,80690.12
Вологодская область,2024,3,82868.24,79281.95
Вологодская область,2024,4,83337.21,82236.02
Вологодская область,2025,1,90450.47,84250.75
Вологодская область,2025,2,93446.52,85533.6
Вологодская область,2025,3,94093.79,85943.44
Вологодская область,2025,4,95995.5,86091.15
Вологодская область,2026,1,103491.9,92228.86
Вологодская область,2026,2,106955.15,93329.64
Воронежская область,2021,1,62860.55,53988.88
Воронежская область,2021,2,64827.19,52849.96
Воронежская область,2021,3,71096.3,58479.03
Воронежская область,2021,4,73236.84,60573.47
Воронежская область,2022,1,76654.0,69154.0
Воронежская область,2022,2,82514.0,73083.0
Воронежская область,2022,3,84198.0,73515.0
Воронежская область,2022,4,89465.0,81579.0
Воронежская область,2023,1,89812.74,76144.56
Воронежская область,2023,2,92382.41,73870.91
Воронежская область,2023,3,96148.87,75244.15731901683
Воронежская область,2023,4,100933.49,76700.04
Воронежская область,2024,1,108320.02,84160.48
Воронежская область,2024,2,113840.52,86590.41
Воронежская область,2024,3,115397.44,89958.13
Воронежская область,2024,4,116848.88,90307.41
Воронежская область,2025,1,118668.99,100670.87
Воронежская область,2025,2,122195.99,104531.36
Воронежская область,2025,3,122378.79,104177.23
Воронежская область,2025,4,126043.72,105824.81
Воронежская область,2026,1,129980.25,113586.8
Воронежская область,2026,2,130765.38,115946.06
Еврейская автономная область,2023,1,74868.55,70262.21
Еврейская автономная область,2023,2,80725.25,70921.28
Еврейская автономная область,2023,3,83949.41,70443.25824012375
Еврейская автономная область,2023,4,100072.14,77025.39
Еврейская автономная область,2024,1,101834.31,74381.16
Еврейская автономная область,2024,2,101891.86,79119.97
Еврейская автономная область,2024,3,103264.92,81522.81
Еврейская автономная область,2024,4,123539.69,81771.33
Еврейская автономная область,2025,1,111538.82,83167.61
Еврейская автономная область,2025,2,113030.15,79740.37
Еврейская автономная область,2025,3,112094.1,80324.78
Еврейская автономная область,2025,4,112120.3,82392.53
Забайкальский край,2021,1,80108.27,74632.9
Забайкальский край,2021,2,80369.55,75098.7
Забайкальский край,2021,3,86803.17,76241.34
Забайкальский край,2021,4,88297.01,76869.39
Забайкальский край,2022,1,94131.0,89311.0
Забайкальский край,2022,2,120734.0,90136.0
Забайкальский край,2022,3,122602.0,89423.0
Забайкальский край,2022,4,124119.0,88917.0
Забайкальский край,2023,1,134560.04,100293.19
Забайкальский край,2023,2,132715.23,100708.97
Забайкальский край,2023,3,139734.85,101353.33405288545
Забайкальский край,2023,4,146861.74,101743.0
Забайкальский край,2024,1,151599.04,114935.97
Забайкальский край,2024,2,153798.41,116017.65
Забайкальский край,2024,3,152606.09,117333.06
Забайкальский край,2024,4,157924.8,118972.37
Забайкальский край,2025,1,157064.02,122757.11
Забайкальский край,2025,2,158113.08,124515.15
Забайкальский край,2025,3,160103.26,128042.87
Забайкальский край,2025,4,162599.25,131189.22
Забайкальский край,2026,1,175849.87,146859.57
Забайкальский край,2026,2,178900.56,146765.15
Ивановская область,2021,1,45216.21,44044.0
Ивановская область,2021,2,48615.67,45180.51
Ивановская область,2021,3,51663.75,46013.7
Ивановская область,2021,4,55721.03,47341.99
Ивановская область,2022,1,62608.0,60964.0
Ивановская область,2022,2,64527.0,60955.0
Ивановская область,2022,3,64107.0,61008.0
Ивановская область,2022,4,64394.0,61231.0
Ивановская область,2023,1,70077.82,71668.92
Ивановская область,2023,2,72310.48,74136.84
Ивановская область,2023,3,74438.55,76322.72446859683
Ивановская область,2023,4,78021.91,79141.11
Ивановская область,2024,1,87405.48,100809.36
Ивановская область,2024,2,89987.9,102602.16
Ивановская область,2024,3,90257.7,112521.94
Ивановская область,2024,4,90618.11,117261.78
Ивановская область,2025,1,95180.53,110939.37
Ивановская область,2025,2,96740.59,114358.96
Ивановская область,2025,3,97263.4,114212.73
Ивановская область,2025,4,97871.69,111164.47
Ивановская область,2026,1,103377.33,114657.8
Ивановская область,2026,2,105006.88,114769.44
Иркутская область,2021,1,78295.79,85171.39
Иркутская область,2021,2,97626.04,89258.05
Иркутская область,2021,3,98498.8,92450.29
Иркутская область,2021,4,100836.5,95629.86
Иркутская область,2022,1,103616.0,94908.0
Иркутская область,2022,2,107972.0,96543.0
Иркутская область,2022,3,111985.0,96987.0
Иркутская область,2022,4,117681.0,97290.0
Иркутская область,2023,1,118042.33,99265.21
Иркутская область,2023,2,120930.96,101080.41
Иркутская область,2023,3,121619.54,103914.49106404824
Иркутская область,2023,4,126942.07,108404.09
Иркутская область,2024,1,139125.83,110340.66
Иркутская область,2024,2,141997.89,114844.99
Иркутская область,2024,3,141796.58,115169.66
Иркутская область,2024,4,146268.49,115652.75
Иркутская область,2025,1,152051.33,122910.8
Иркутская область,2025,2,154524.21,126622.62
Иркутская область,2025,3,157675.06,131473.39
Иркутская область,2025,4,159111.1,131897.46
Иркутская область,2026,1,172375.98,128186.47
Иркутская область,2026,2,172146.22,128713.13
Кабардино-Балкарская Республика,2021,1,34551.56,52989.22
Кабардино-Балкарская Республика,2021,2,34070.52,58678.24
Кабардино-Балкарская Республика,2021,3,34139.05,60389.94
Кабардино-Балкарская Республика,2021,4,34544.66,61077.17
Кабардино-Балкарская Республика,2022,1,39251.0,66902.0
Кабардино-Балкарская Республика,2022,2,32108.0,73204.0
Кабардино-Балкарская Республика,2022,3,33728.0,68029.0
Кабардино-Балкарская Республика,2022,4,34173.0,68642.0
Кабардино-Балкарская Республика,2023,1,31059.63,65960.5
Кабардино-Балкарская Республика,2023,2,32297.99,68858.63
Кабардино-Балкарская Республика,2023,3,32639.14,65659.69167085593
Кабардино-Балкарская Республика,2023,4,33299.52,65440.16
Кабардино-Балкарская Республика,2024,1,58621.31,65685.67
Кабардино-Балкарская Республика,2024,2,60847.97,65947.52
Кабардино-Балкарская Республика,2024,3,57123.55,64595.93
Кабардино-Балкарская Республика,2024,4,53044.31,78887.27
Кабардино-Балкарская Республика,2025,1,65797.0,72581.75
Кабардино-Балкарская Республика,2025,2,68368.75,74041.07
Кабардино-Балкарская Республика,2025,3,68539.48,73622.9
Кабардино-Балкарская Республика,2025,4,78103.46,82776.15
Кабардино-Балкарская Республика,2026,1,89042.56,81887.29
Кабардино-Балкарская Республика,2026,2,89769.2,81888.22
Калининградская область,2021,1,65800.32,66640.34
Калининградская область,2021,2,70308.53,75171.85
Калининградская область,2021,3,72494.41,82396.04
Калининградская область,2021,4,77051.11,87680.35
Калининградская область,2022,1,81336.0,103429.0
Калининградская область,2022,2,89449.0,121938.0
Калининградская область,2022,3,85251.0,122513.0
Калининградская область,2022,4,91829.0,128418.0
Калининградская область,2023,1,90339.83,103097.94
Калининградская область,2023,2,89150.79,102909.86
Калининградская область,2023,3,89714.57,101919.20368351844
Калининградская область,2023,4,94677.73,102268.14
Калининградская область,2024,1,105164.94,108930.87
Калининградская область,2024,2,107149.72,108676.01
Калининградская область,2024,3,110140.6,115098.38
Калининградская область,2024,4,111676.31,118382.61
Калининградская область,2025,1,120430.8,127142.61
Калининградская область,2025,2,124842.44,128549.31
Калининградская область,2025,3,126833.27,134478.26
Калининградская область,2025,4,126703.78,135038.69
Калининградская область,2026,1,155795.22,151402.93
Калининградская область,2026,2,157585.35,152370.66
Калужская область,2021,1,53915.16,55454.93
Калужская область,2021,2,54182.98,57209.45
Калужская область,2021,3,54538.02,57924.27
Калужская область,2021,4,57507.72,62089.64
Калужская область,2022,1,62436.0,74768.0
Калужская область,2022,2,79183.0,77979.0
Калужская область,2022,3,75308.0,78966.0
Калужская область,2022,4,79309.0,84320.0
Калужская область,2023,1,89180.58,85296.89
Калужская область,2023,2,89354.79,85777.96
Калужская область,2023,3,88603.54,87414.13228809046
Калужская область,2023,4,92168.8,87183.37
Калужская область,2024,1,89458.06,92451.6
Калужская область,2024,2,90790.81,90158.83
Калужская область,2024,3,91449.59,94518.75
Калужская область,2024,4,94682.89,93563.3
Калужская область,2025,1,91853.78,102683.89
Калужская область,2025,2,93638.72,91861.31
Калужская область,2025,3,95707.49,87692.3
Калужская область,2025,4,97250.71,93096.13
Калужская область,2026,1,105587.93,94787.56
Калужская область,2026,2,106869.06,95250.03
Камчатский край,2021,1,71621.9,78850.0
Камчатский край,2021,2,60851.7,79153.81
Камчатский край,2021,3,61081.5,79895.41
Камчатский край,2021,4,61081.5,79991.75
Камчатский край,2022,1,107824.0,125191.0
Камчатский край,2022,2,107824.0,119023.0
Камчатский край,2022,3,107824.0,124775.0
Камчатский край,2022,4,107824.0,124307.0
Камчатский край,2024,1,184895.57,130848.7
Камчатский край,2024,2,184451.0,131071.93
Камчатский край,2024,3,185901.2,132093.84
Камчатский край,2024,4,187141.0,132315.1
Камчатский край,2025,1,182852.67,127350.53
Камчатский край,2025,2,180064.91,140169.56
Камчатский край,2025,3,175542.51,135799.55
Камчатский край,2025,4,180293.19,135799.55
Камчатский край,2026,1,180048.56,138246.25
Камчатский край,2026,2,182547.68,138246.25
Карачаево-Черкесская Республика,2021,1,41903.1,48314.84
Карачаево-Черкесская Республика,2021,2,42828.41,49582.27
Карачаево-Черкесская Республика,2021,3,43683.53,53209.28
Карачаево-Черкесская Республика,2021,4,43914.93,59106.85
Карачаево-Черкесская Республика,2022,1,48596.0,64716.0
Карачаево-Черкесская Республика,2022,2,48596.0,63873.0
Карачаево-Черкесская Республика,2022,3,48587.0,66426.0
Карачаево-Черкесская Республика,2022,4,48627.0,64642.0
Карачаево-Черкесская Республика,2023,1,32550.23,78477.16
Карачаево-Черкесская Республика,2023,2,32620.59,80361.47
Карачаево-Черкесская Республика,2023,3,32969.79,80361.47300215982
Карачаево-Черкесская Республика,2023,4,33477.98,80361.47
Карачаево-Черкесская Республика,2024,1,64476.66,90535.62
Карачаево-Черкесская Республика,2024,2,64792.7,90535.62
Карачаево-Черкесская Республика,2024,3,64792.7,92346.24
Карачаево-Черкесская Республика,2024,4,64950.11,92346.24
Карачаево-Черкесская Республика,2025,1,77365.28,98800.14
Карачаево-Черкесская Республика,2025,2,78285.32,100251.27
Карачаево-Черкесская Республика,2025,3,78475.7,100251.27
Карачаево-Черкесская Республика,2025,4,78440.73,100251.27
Карачаево-Черкесская Республика,2026,1,78560.74,95834.23
Карачаево-Черкесская Республика,2026,2,84507.51,95834.23
Кемеровская область - Кузбасс,2021,1,56572.02,50573.34
Кемеровская область - Кузбасс,2021,2,58030.18,55888.08
Кемеровская область - Кузбасс,2021,3,61848.36,57086.68
Кемеровская область - Кузбасс,2021,4,63500.69,58270.09
Кемеровская область - Кузбасс,2022,1,86624.0,81652.0
Кемеровская область - Кузбасс,2022,2,90470.0,82287.0
Кемеровская область - Кузбасс,2022,3,91007.0,80238.0
Кемеровская область - Кузбасс,2022,4,91465.0,84526.0
Кемеровская область - Кузбасс,2023,1,97729.28,86371.27
Кемеровская область - Кузбасс,2023,2,98285.51,89302.17
Кемеровская область - Кузбасс,2023,3,100736.19,92277.3870718723
Кемеровская область - Кузбасс,2023,4,101696.87,95503.25
Кемеровская область - Кузбасс,2024,1,104939.26,98491.23
Кемеровская область - Кузбасс,2024,2,110943.71,100345.62
Кемеровская область - Кузбасс,2024,3,113007.11,96750.65
Кемеровская область - Кузбасс,2024,4,113810.82,93632.2
Кемеровская область - Кузбасс,2025,1,116894.93,92901.7
Кемеровская область - Кузбасс,2025,2,117808.09,92455.65
Кемеровская область - Кузбасс,2025,3,124773.38,95162.98
Кемеровская область - Кузбасс,2025,4,125279.7,96274.59
Кемеровская область - Кузбасс,2026,1,132660.82,96094.39
Кемеровская область - Кузбасс,2026,2,136283.68,98952.73
Кировская область,2021,1,52908.59,47834.89
Кировская область,2021,2,55544.2,49482.9
Кировская область,2021,3,59132.46,50687.47
Кировская область,2021,4,62843.68,59537.17
Кировская область,2022,1,72095.0,63560.0
Кировская область,2022,2,79586.0,63610.0
Кировская область,2022,3,79141.0,65107.0
Кировская область,2022,4,80170.0,69841.0
Кировская область,2023,1,88702.49,72110.95
Кировская область,2023,2,90866.38,73495.94
Кировская область,2023,3,94651.76,74336.40375714269
Кировская область,2023,4,103449.76,77090.88
Кировская область,2024,1,108575.04,82738.46
Кировская область,2024,2,111282.24,83999.14
Кировская область,2024,3,112614.96,83845.02
Кировская область,2024,4,114292.95,85588.12
Кировская область,2025,1,119285.55,89663.44
Кировская область,2025,2,122020.56,92676.95
Кировская область,2025,3,124312.56,94792.34
Кировская область,2025,4,125226.44,96662.11
Кировская область,2026,1,131152.36,103153.95
Кировская область,2026,2,135103.57,104844.99
Костромская область,2021,1,55783.82,49710.46
Костромская область,2021,2,56044.93,51046.63
Костромская область,2021,3,57981.97,53586.54
Костромская область,2021,4,61594.3,55572.29
Костромская область,2022,1,67985.0,62891.0
Костромская область,2022,2,71669.0,66821.0
Костромская область,2022,3,74868.0,67834.0
Костромская область,2022,4,79652.0,67374.0
Костромская область,2023,1,76598.68,66532.39
Костромская область,2023,2,78618.15,71139.67
Костромская область,2023,3,78947.63,70552.57088304582
Костромская область,2023,4,82235.21,70454.57
Костромская область,2024,1,90124.71,76662.11
Костромская область,2024,2,93618.65,76849.83
Костромская область,2024,3,95228.27,80121.83
Костромская область,2024,4,94470.43,80698.61
Костромская область,2025,1,97048.96,87967.9
Костромская область,2025,2,98641.35,90857.66
Костромская область,2025,3,98911.2,95046.96
Костромская область,2025,4,100175.28,96413.3
Костромская область,2026,1,105497.8,97551.26
Костромская область,2026,2,107464.28,94888.56
Краснодарский край,2021,1,62185.43,58734.75
Краснодарский край,2021,2,74093.19,65165.75
Краснодарский край,2021,3,85819.28,65473.42
Краснодарский край,2021,4,98318.24,65505.41
Краснодарский край,2022,1,110491.0,105022.0
Краснодарский край,2022,2,111109.0,101519.0
Краснодарский край,2022,3,114321.0,105048.0
Краснодарский край,2022,4,114035.0,106984.0
Краснодарский край,2023,1,125438.07,115787.17
Краснодарский край,2023,2,124446.55,117934.9
Краснодарский край,2023,3,129500.88,123523.08626957389
Краснодарский край,2023,4,133823.95,125904.47
Краснодарский край,2024,1,146583.91,125955.97
Краснодарский край,2024,2,151434.5,134202.24
Краснодарский край,2024,3,151255.94,132374.48
Краснодарский край,2024,4,147398.42,128833.02
Краснодарский край,2025,1,148433.08,134367.86
Краснодарский край,2025,2,151662.59,129798.71
Краснодарский край,2025,3,151295.65,132458.57
Краснодарский край,2025,4,150069.05,130229.28
Краснодарский край,2026,1,151990.15,126034.56
Краснодарский край,2026,2,149141.76,125859.79
Красноярский край,2021,1,69982.3,69068.33
Красноярский край,2021,2,72852.46,72571.81
Красноярский край,2021,3,77958.95,75411.64
Красноярский край,2021,4,79424.22,78782.77
Красноярский край,2022,1,91322.0,82030.0
Красноярский край,2022,2,95552.0,83079.0
Красноярский край,2022,3,98608.0,85423.0
Красноярский край,2022,4,99400.0,88470.0
Красноярский край,2023,1,101054.66,90640.39
Красноярский край,2023,2,103913.09,90651.23
Красноярский край,2023,3,109364.33,95888.6131480915
Красноярский край,2023,4,116101.42,102183.47
Красноярский край,2024,1,127311.75,105190.8
Красноярский край,2024,2,129781.57,106626.81
Красноярский край,2024,3,132496.31,106226.64
Красноярский край,2024,4,132478.48,107251.3
Красноярский край,2025,1,134197.01,113592.31
Красноярский край,2025,2,136508.67,117245.02
Красноярский край,2025,3,138578.53,120468.61
Красноярский край,2025,4,141841.12,118714.29
Красноярский край,2026,1,146495.54,121109.11
Красноярский край,2026,2,148978.07,123686.01
Курганская область,2021,1,44537.48,41576.26
Курганская область,2021,2,44352.36,41627.78
Курганская область,2021,3,45849.6,42949.25
Курганская область,2021,4,46864.29,44393.06
Курганская область,2022,1,55564.0,48921.0
Курганская область,2022,2,58233.0,52860.0
Курганская область,2022,3,62103.0,51691.0
Курганская область,2022,4,63560.0,52085.0
Курганская область,2023,1,60275.02,52636.24
Курганская область,2023,2,63206.23,59513.56
Курганская область,2023,3,69486.7,57299.10275699756
Курганская область,2023,4,75497.11,66965.63
Курганская область,2024,1,85688.66,67175.43
Курганская область,2024,2,89199.19,69484.75
Курганская область,2024,3,93590.98,70846.0
Курганская область,2024,4,95732.55,75560.42
Курганская область,2025,1,101279.72,77982.46
Курганская область,2025,2,103134.7,78696.97
Курганская область,2025,3,104541.16,78539.46
Курганская область,2025,4,107298.66,81417.46
Курганская область,2026,1,113668.7,83822.54
Курганская область,2026,2,112702.92,85250.71
Курская область,2021,1,56618.03,53184.52
Курская область,2021,2,58591.74,55712.34
Курская область,2021,3,61800.55,59184.63
Курская область,2021,4,66740.69,63852.5
Курская область,2022,1,72531.0,68509.0
Курская область,2022,2,75727.0,69112.0
Курская область,2022,3,81494.0,67879.0
Курская область,2022,4,79979.0,68705.0
Курская область,2023,1,76971.61,68939.22
Курская область,2023,2,76464.87,72786.76
Курская область,2023,3,79195.8,73159.16013154262
Курская область,2023,4,84447.9,75835.78
Курская область,2024,1,88043.43,79703.51
Курская область,2024,2,91947.61,80304.69
Курская область,2024,3,93691.91,83903.46
Курская область,2024,4,98015.01,88265.46
Курская область,2025,1,107391.57,102302.08
Курская область,2025,2,122719.04,108133.31
Курская область,2025,3,129278.23,110772.29
Курская область,2025,4,135382.06,120169.41
Курская область,2026,1,145456.84,126673.59
Курская область,2026,2,145463.16,130833.05
Липецкая область,2021,1,51243.09,56687.43
Липецкая область,2021,2,54159.5,56811.1
Липецкая область,2021,3,56766.26,57430.58
Липецкая область,2021,4,61698.9,57991.69
Липецкая область,2022,1,74651.0,70274.0
Липецкая область,2022,2,77206.0,73069.0
Липецкая область,2022,3,78615.0,73625.0
Липецкая область,2022,4,80482.0,73575.0
Липецкая область,2023,1,81959.1,83658.2
Липецкая область,2023,2,82394.63,86787.53
Липецкая область,2023,3,82766.06,91197.69853267405
Липецкая область,2023,4,84667.68,92536.72
Липецкая область,2024,1,88462.46,94276.56
Липецкая область,2024,2,92042.93,99918.32
Липецкая область,2024,3,94554.23,104442.9
Липецкая область,2024,4,91722.31,99711.94
Липецкая область,2025,1,95776.18,96265.14
Липецкая область,2025,2,96866.75,96978.82
Липецкая область,2025,3,96454.11,98782.98
Липецкая область,2025,4,99450.81,97508.14
Липецкая область,2026,1,107060.84,99100.52
Липецкая область,2026,2,109622.76,98118.74
Магаданская область,2021,1,95683.83,57691.8
Магаданская область,2021,2,95683.83,63629.53
Магаданская область,2021,3,95746.72,68412.48
Магаданская область,2021,4,105723.05,73495.53
Магаданская область,2022,1,144053.0,79952.0
Магаданская область,2022,2,147459.0,84347.0
Магаданская область,2022,3,147654.0,88254.0
Магаданская область,2022,4,147654.0,95947.0
Магаданская область,2023,1,147689.67,98656.49
Магаданская область,2023,2,148266.47,105245.76
Магаданская область,2023,3,148266.47,111298.88689196833
Магаданская область,2023,4,148459.46,112062.38
Магаданская область,2024,1,152137.0,128512.97
Магаданская область,2024,2,152137.0,121983.15
Магаданская область,2024,3,161000.0,139327.29
Магаданская область,2024,4,161000.0,136207.78
Магаданская область,2025,1,161000.0,128517.92
Магаданская область,2025,2,161000.0,124061.11
Магаданская область,2025,3,161000.0,135426.5
Магаданская область,2025,4,161000.0,137924.89
Магаданская область,2026,1,168320.0,135301.6
Магаданская область,2026,2,168320.0,140907.88
Мурманская область,2025,1,127518.52,104123.04
Мурманская область,2025,2,137174.25,98138.96
Мурманская область,2025,3,134938.86,101518.06
Мурманская область,2025,4,140910.66,102267.13
Мурманская область,2026,1,152408.57,94739.3
Мурманская область,2026,2,154619.14,96020.09
Ненецкий автономный округ (Архангельская область),2022,1,77110.0,75490.0
Ненецкий автономный округ (Архангельская область),2022,2,77598.0,79433.0
Ненецкий автономный округ (Архангельская область),2022,3,77598.0,84001.0
Ненецкий автономный округ (Архангельская область),2022,4,77598.0,86447.0
Ненецкий автономный округ (Архангельская область),2023,1,78442.38,88573.21
Ненецкий автономный округ (Архангельская область),2023,2,78442.38,94239.73
Ненецкий автономный округ (Архангельская область),2023,3,93222.94,97329.25277316193
Ненецкий автономный округ (Архангельская область),2023,4,93222.94,102071.44
Ненецкий автономный округ (Архангельская область),2024,1,116761.96,116678.13
Ненецкий автономный округ (Архангельская область),2024,2,113034.45,116797.13
Ненецкий автономный округ (Архангельская область),2024,3,113034.45,116898.61
Ненецкий автономный округ (Архангельская область),2024,4,113034.45,117033.64
Ненецкий автономный округ (Архангельская область),2026,1,134442.0,118992.89
Ненецкий автономный округ (Архангельская область),2026,2,134442.0,113874.32
Нижегородская область,2021,1,84423.27,80165.06
Нижегородская область,2021,2,87663.49,84231.82
Нижегородская область,2021,3,91001.03,87947.02
Нижегородская область,2021,4,94521.93,92730.31
Нижегородская область,2022,1,104695.0,99378.0
Нижегородская область,2022,2,117370.0,101675.0
Нижегородская область,2022,3,121551.0,104658.0
Нижегородская область,2022,4,123646.0,103947.0
Нижегородская область,2023,1,127556.4,108735.17
Нижегородская область,2023,2,129016.94,111658.48
Нижегородская область,2023,3,133224.08,115888.93549796022
Нижегородская область,2023,4,144277.49,124617.16
Нижегородская область,2024,1,163492.56,129669.69
Нижегородская область,2024,2,168560.47,133165.27
Нижегородская область,2024,3,174362.9,134943.15
Нижегородская область,2024,4,174760.56,138623.98
Нижегородская область,2025,1,179416.44,144577.64
Нижегородская область,2025,2,182209.32,141996.84
Нижегородская область,2025,3,185877.57,144174.48
Нижегородская область,2025,4,185923.55,148069.68
Нижегородская область,2026,1,195118.2,164930.25
Нижегородская область,2026,2,198757.63,170685.18
Новгородская область,2021,1,50962.86,44149.08
Новгородская область,2021,2,51798.25,44999.99
Новгородская область,2021,3,53135.75,45693.99
Новгородская область,2021,4,54377.93,46659.98
Новгородская область,2022,1,60061.0,56361.0
Новгородская область,2022,2,61805.0,55304.0
Новгородская область,2022,3,63815.0,57740.0
Новгородская область,2022,4,67003.0,61128.0
Новгородская область,2023,1,72993.33,65689.97
Новгородская область,2023,2,75927.94,66910.42
Новгородская область,2023,3,78133.98,69476.83935561111
Новгородская область,2023,4,83132.31,72328.67
Новгородская область,2024,1,87856.78,81439.97
Новгородская область,2024,2,90951.32,79220.28
Новгородская область,2024,3,92683.18,86430.3
Новгородская область,2024,4,92971.09,84911.64
Новгородская область,2025,1,95156.33,84898.42
Новгородская область,2025,2,100462.72,86377.26
Новгородская область,2025,3,103264.79,89778.81
Новгородская область,2025,4,103762.55,92107.19
Новгородская область,2026,1,122226.07,94306.66
Новгородская область,2026,2,122664.63,97086.61
Новосибирская область,2021,1,70482.48,65941.79
Новосибирская область,2021,2,72081.48,66724.25
Новосибирская область,2021,3,73388.15,65985.09
Новосибирская область,2021,4,74976.92,67545.09
Новосибирская область,2022,1,101148.0,87332.0
Новосибирская область,2022,2,107117.0,89777.0
Новосибирская область,2022,3,111673.0,89819.0
Новосибирская область,2022,4,112635.0,93887.0
Новосибирская область,2023,1,120169.79,111885.89
Новосибирская область,2023,2,119741.9,108929.55
Новосибирская область,2023,3,121651.11,108877.7221556643
Новосибирская область,2023,4,126824.02,111815.48
Новосибирская область,2024,1,146261.75,120393.06
Новосибирская область,2024,2,148338.88,120350.23
Новосибирская область,2024,3,152117.34,120832.55
Новосибирская область,2024,4,155413.17,119964.76
Новосибирская область,2025,1,154397.22,127830.09
Новосибирская область,2025,2,156954.68,126969.48
Новосибирская область,2025,3,158905.16,126380.9
Новосибирская область,2025,4,159907.91,125896.85
Новосибирская область,2026,1,163755.38,145578.86
Новосибирская область,2026,2,164555.36,146198.53
Омская область,2021,1,56191.19,53098.08
Омская область,2021,2,58190.24,55691.26
Омская область,2021,3,62219.38,58721.19
Омская область,2021,4,68904.73,62815.22
Омская область,2022,1,75522.0,70632.0
Омская область,2022,2,80382.0,72923.0
Омская область,2022,3,83701.0,78458.0
Омская область,2022,4,89040.0,81221.0
Омская область,2023,1,95589.0,83210.11
Омская область,2023,2,96152.53,86248.46
Омская область,2023,3,101160.81,90062.84562101557
Омская область,2023,4,106555.67,95253.41
Омская область,2024,1,118296.05,98533.02
Омская область,2024,2,126035.9,99801.18
Омская область,2024,3,132498.33,99958.83
Омская область,2024,4,136523.66,102507.96
Омская область,2025,1,142922.82,103107.59
Омская область,2025,2,143100.51,104069.82
Омская область,2025,3,145987.73,103491.36
Омская область,2025,4,149013.92,103559.41
Омская область,2026,1,155448.15,107194.37
Омская область,2026,2,154298.57,108532.12
Оренбургская область,2021,1,42215.05,43622.28
Оренбургская область,2021,2,42215.05,43769.06
Оренбургская область,2021,3,45084.52,43776.62
Оренбургская область,2021,4,45137.21,44185.07
Оренбургская область,2022,1,56809.0,46682.0
Оренбургская область,2022,2,58307.0,48657.0
Оренбургская область,2022,3,61078.0,49363.0
Оренбургская область,2022,4,61856.0,51344.0
Оренбургская область,2023,1,63524.19,63474.85
Оренбургская область,2023,2,64339.52,63940.44
Оренбургская область,2023,3,69690.8,64486.24934438437
Оренбургская область,2023,4,72228.83,66445.54
Оренбургская область,2024,1,75543.18,73011.26
Оренбургская область,2024,2,77352.28,75058.04
Оренбургская область,2024,3,78619.66,76158.71
Оренбургская область,2024,4,79793.13,76444.68
Оренбургская область,2025,1,89520.78,78498.35
Оренбургская область,2025,2,92157.95,81432.13
Оренбургская область,2025,3,93628.62,82500.66
Оренбургская область,2025,4,95869.47,84135.59
Оренбургская область,2026,1,103782.68,89991.52
Оренбургская область,2026,2,108645.52,92151.48
Орловская область,2021,1,51601.05,50587.26
Орловская область,2021,2,59358.96,56261.94
Орловская область,2021,3,64145.3,58026.25
Орловская область,2021,4,65027.88,62613.65
Орловская область,2022,1,68422.0,74594.0
Орловская область,2022,2,74760.0,74464.0
Орловская область,2022,3,81452.0,73440.0
Орловская область,2022,4,80889.0,73391.0
Орловская область,2023,1,79904.43,66928.05
Орловская область,2023,2,80679.88,66793.08
Орловская область,2023,3,84339.8,70743.76950553621
Орловская область,2023,4,86112.12,73694.66
Орловская область,2024,1,88917.17,75729.77
Орловская область,2024,2,90294.2,74374.84
Орловская область,2024,3,93900.39,74725.44
Орловская область,2024,4,91380.44,73008.73
Орловская область,2025,1,96062.99,77138.56
Орловская область,2025,2,98474.98,77933.5
Орловская область,2025,3,97509.36,79600.5
Орловская область,2025,4,102152.77,80904.13
Орловская область,2026,1,101742.56,82411.48
Орловская область,2026,2,105483.14,83890.32
Пензенская область,2021,1,61768.27,45659.28
Пензенская область,2021,2,63819.87,46419.44
Пензенская область,2021,3,65799.9,55502.85
Пензенская область,2021,4,66190.32,57629.23
Пензенская область,2022,1,78387.0,56720.0
Пензенская область,2022,2,86552.0,58430.0
Пензенская область,2022,3,88997.0,58599.0
Пензенская область,2022,4,89165.0,61259.0
Пензенская область,2023,1,89266.32,56313.53
Пензенская область,2023,2,90404.84,62882.24
Пензенская область,2023,3,95902.14,57764.18893795933
Пензенская область,2023,4,97490.4,61818.46
Пензенская область,2024,1,95622.21,72560.82
Пензенская область,2024,2,99683.19,75141.38
Пензенская область,2024,3,100823.81,77707.57
Пензенская область,2024,4,103362.44,77465.03
Пензенская область,2025,1,102640.14,85814.85
Пензенская область,2025,2,102340.56,87956.47
Пензенская область,2025,3,106061.8,89077.73
Пензенская область,2025,4,106953.5,89663.42
Пензенская область,2026,1,108320.51,91469.31
Пензенская область,2026,2,109816.28,93304.38
Пермский край,2021,1,67815.87,67116.86
Пермский край,2021,2,70556.84,67750.48
Пермский край,2021,3,73053.03,67816.03
Пермский край,2021,4,75343.07,69582.71
Пермский край,2022,1,88491.0,83444.0
Пермский край,2022,2,96082.0,86735.0
Пермский край,2022,3,99187.0,84215.0
Пермский край,2022,4,99346.0,84908.0
Пермский край,2023,1,106289.6,91435.95
Пермский край,2023,2,108575.53,96110.91
Пермский край,2023,3,111377.83,99108.30891235784
Пермский край,2023,4,116194.0,101655.03
Пермский край,2024,1,126751.97,109174.6
Пермский край,2024,2,128623.84,110014.94
Пермский край,2024,3,130880.61,110882.9
Пермский край,2024,4,134467.31,113547.88
Пермский край,2025,1,147401.86,124184.73
Пермский край,2025,2,150203.45,132623.32
Пермский край,2025,3,150974.12,130107.8
Пермский край,2025,4,152654.36,131633.83
Пермский край,2026,1,159568.31,140555.13
Пермский край,2026,2,161311.71,143176.22
Приморский край,2021,1,118991.09,123315.84
Приморский край,2021,2,122272.94,125432.21
Приморский край,2021,3,122651.22,129158.97
Приморский край,2021,4,129448.71,126193.65
Приморский край,2022,1,144094.0,137959.0
Приморский край,2022,2,151612.0,138700.0
Приморский край,2022,3,152881.0,141779.0
Приморский край,2022,4,154085.0,139229.0
Приморский край,2023,1,152703.56,149057.14
Приморский край,2023,2,152595.72,148105.86
Приморский край,2023,3,160388.27,149598.83321381875
Приморский край,2023,4,161256.29,153125.92
Приморский край,2024,1,174220.49,150735.72
Приморский край,2024,2,184179.5,154359.6
Приморский край,2024,3,186403.02,157515.99
Приморский край,2024,4,186389.84,155842.11
Приморский край,2025,1,184320.92,155146.84
Приморский край,2025,2,186335.73,158662.16
Приморский край,2025,3,186278.6,156051.91
Приморский край,2025,4,194059.7,155500.1
Приморский край,2026,1,196006.79,162616.34
Приморский край,2026,2,197896.0,165343.09
Псковская область,2021,1,45827.35,45747.97
Псковская область,2021,2,46188.76,45935.85
Псковская область,2021,3,46365.14,46421.18
Псковская область,2021,4,46657.85,47009.22
Псковская область,2022,1,58030.0,59146.0
Псковская область,2022,2,58030.0,58723.0
Псковская область,2022,3,71683.0,61762.0
Псковская область,2022,4,74367.0,60494.0
Псковская область,2023,1,65474.94,72495.0
Псковская область,2023,2,65896.61,73427.35
Псковская область,2023,3,66166.4,77310.45012932678
Псковская область,2023,4,68703.72,78671.25
Псковская область,2024,1,69489.0,83321.59
Псковская область,2024,2,68349.13,86743.02
Псковская область,2024,3,67880.21,87282.91
Псковская область,2024,4,69161.09,88383.86
Псковская область,2025,1,71506.52,88142.63
Псковская область,2025,2,79684.61,88573.35
Псковская область,2025,3,80642.4,90264.66
Псковская область,2025,4,79027.02,88504.94
Псковская область,2026,1,81543.31,93707.7
Псковская область,2026,2,83333.68,92505.67
Республика Адыгея (Адыгея),2021,1,39707.84,53949.93
Республика Адыгея (Адыгея),2021,2,40496.12,54242.94
Республика Адыгея (Адыгея),2021,3,40716.33,66730.21
Республика Адыгея (Адыгея),2021,4,40612.73,85895.86
Республика Адыгея (Адыгея),2022,1,67864.0,88710.0
Республика Адыгея (Адыгея),2022,2,68498.0,88288.0
Республика Адыгея (Адыгея),2022,3,77341.0,82163.0
Республика Адыгея (Адыгея),2022,4,79594.0,83377.0
Республика Адыгея (Адыгея),2023,1,95727.45,79500.97
Республика Адыгея (Адыгея),2023,2,97265.47,81087.37
Республика Адыгея (Адыгея),2023,3,94671.65,82316.54842244474
Республика Адыгея (Адыгея),2023,4,99100.9,82622.97
Республика Адыгея (Адыгея),2024,1,108274.76,90079.68
Республика Адыгея (Адыгея),2024,2,106332.4,90964.49
Республика Адыгея (Адыгея),2024,3,109623.0,92669.7
Республика Адыгея (Адыгея),2024,4,118271.58,93143.79
Республика Адыгея (Адыгея),2025,1,124263.39,95673.71
Республика Адыгея (Адыгея),2025,2,123023.6,95535.93
Республика Адыгея (Адыгея),2025,3,130078.38,95828.11
Республика Адыгея (Адыгея),2025,4,139089.24,96417.78
Республика Адыгея (Адыгея),2026,1,150353.14,102812.66
Республика Адыгея (Адыгея),2026,2,136558.98,102795.32
Республика Алтай,2022,1,106982.0,90716.0
Республика Алтай,2022,2,115828.0,99941.0
Республика Алтай,2022,3,111975.0,109042.0
Республика Алтай,2022,4,112071.0,109342.0
Республика Алтай,2023,1,100033.39,110185.53
Республика Алтай,2023,2,109610.59,114329.2
Республика Алтай,2023,3,109159.2,119244.48433706269
Республика Алтай,2023,4,133287.13,129266.52
Республика Алтай,2024,1,155517.6,133681.88
Республика Алтай,2024,2,159943.57,139937.09
Республика Алтай,2024,3,162288.94,143845.16
Республика Алтай,2024,4,162633.17,150504.44
Республика Алтай,2025,1,171394.58,152738.63
Республика Алтай,2025,2,171394.58,159704.88
Республика Алтай,2025,3,171394.58,166894.84
Республика Алтай,2025,4,171394.58,173039.05
Республика Алтай,2026,1,276746.0,182157.48
Республика Алтай,2026,2,264853.23,180684.38
Республика Башкортостан,2021,1,77858.93,74111.29
Республика Башкортостан,2021,2,80030.84,75819.15
Республика Башкортостан,2021,3,84176.96,78764.4
Республика Башкортостан,2021,4,89954.6,84888.64
Республика Башкортостан,2022,1,96286.0,89460.0
Республика Башкортостан,2022,2,109628.0,93295.0
Республика Башкортостан,2022,3,117453.0,96240.0
Республика Башкортостан,2022,4,120800.0,98000.0
Республика Башкортостан,2023,1,117000.0,99198.96
Республика Башкортостан,2023,2,118344.12,101810.68
Республика Башкортостан,2023,3,123098.42,104146.41263926224
Республика Башкортостан,2023,4,127851.54,107508.63
Республика Башкортостан,2024,1,134225.7,111060.83
Республика Башкортостан,2024,2,138496.79,113279.74
Республика Башкортостан,2024,3,143256.85,117054.37
Республика Башкортостан,2024,4,145346.15,117371.09
Республика Башкортостан,2025,1,149466.43,117857.38
Республика Башкортостан,2025,2,149127.48,117825.02
Республика Башкортостан,2025,3,150461.29,117663.33
Республика Башкортостан,2025,4,153165.6,117820.22
Республика Башкортостан,2026,1,160395.69,122845.0
Республика Башкортостан,2026,2,157495.35,122351.97
Республика Бурятия,2021,1,62764.01,67126.93
Республика Бурятия,2021,2,68806.66,70970.24
Республика Бурятия,2021,3,70368.12,73129.84
Республика Бурятия,2021,4,76710.61,75651.14
Республика Бурятия,2022,1,78006.0,80971.0
Республика Бурятия,2022,2,79623.0,81951.0
Республика Бурятия,2022,3,83944.0,84163.0
Республика Бурятия,2022,4,78025.0,85843.0
Республика Бурятия,2023,1,86658.38,87716.92
Республика Бурятия,2023,2,86833.94,89691.12
Республика Бурятия,2023,3,86334.59,95504.95120654626
Республика Бурятия,2023,4,88835.12,100049.41
Республика Бурятия,2024,1,105433.23,107976.67
Республика Бурятия,2024,2,108699.27,109998.27
Республика Бурятия,2024,3,109976.88,111822.25
Республика Бурятия,2024,4,111940.89,112499.98
Республика Бурятия,2025,1,121640.69,117984.45
Республика Бурятия,2025,2,124450.35,120995.57
Республика Бурятия,2025,3,127745.14,123294.41
Республика Бурятия,2025,4,130220.83,126162.58
Республика Бурятия,2026,1,146577.99,131419.88
Республика Бурятия,2026,2,152506.17,133681.68
Республика Дагестан,2021,1,32178.75,50997.86
Республика Дагестан,2021,2,33232.36,53949.78
Республика Дагестан,2021,3,35196.05,56758.52
Республика Дагестан,2021,4,36789.55,58991.44
Республика Дагестан,2022,1,38598.0,64759.0
Республика Дагестан,2022,2,38799.0,66110.0
Республика Дагестан,2022,3,43639.0,69031.0
Республика Дагестан,2022,4,46196.0,71611.0
Республика Дагестан,2023,1,67345.62,75793.09
Республика Дагестан,2023,2,67718.27,77567.27
Республика Дагестан,2023,3,68270.86,81141.7969433699
Республика Дагестан,2023,4,71866.5,84882.87
Республика Дагестан,2024,1,81910.19,95079.31
Республика Дагестан,2024,2,88694.01,94966.7
Республика Дагестан,2024,3,89045.6,95445.55
Республика Дагестан,2024,4,89686.46,96033.82
Республика Дагестан,2025,1,77272.05,109440.56
Республика Дагестан,2025,2,76159.15,109440.56
Республика Дагестан,2025,3,74975.16,109355.09
Республика Дагестан,2025,4,73982.46,106971.6
Республика Дагестан,2026,1,81804.47,100908.62
Республика Дагестан,2026,2,81796.47,100718.54
Республика Ингушетия,2021,1,40197.48,33589.68
Республика Ингушетия,2021,2,42328.42,36934.93
Республика Ингушетия,2021,3,43721.71,40645.33
Республика Ингушетия,2021,4,44855.38,44294.84
Республика Ингушетия,2022,1,47736.0,45896.0
Республика Ингушетия,2022,2,47349.0,46363.0
Республика Ингушетия,2022,3,48079.0,44111.0
Республика Ингушетия,2022,4,48291.0,44761.0
Республика Ингушетия,2023,1,47312.22,46068.33
Республика Ингушетия,2023,2,47626.6,46785.8
Республика Ингушетия,2023,3,48451.57,50023.49284887758
Республика Ингушетия,2023,4,48904.89,51575.45
Республика Ингушетия,2024,1,54594.93,56134.03
Республика Ингушетия,2024,2,55318.51,58454.11
Республика Ингушетия,2024,3,55773.77,59114.37
Республика Ингушетия,2024,4,58606.97,59978.3
Республика Ингушетия,2025,1,57224.15,60896.17
Республика Ингушетия,2025,2,57750.81,61927.78
Республика Ингушетия,2025,3,58274.45,63851.26
Республика Ингушетия,2025,4,60072.58,62866.29
Республика Ингушетия,2026,1,60816.41,63516.23
Республика Ингушетия,2026,2,61203.74,64118.64
Республика Калмыкия,2021,1,38663.25,43686.38
Республика Калмыкия,2021,2,41438.47,43939.25
Республика Калмыкия,2021,3,42929.33,48434.31
Республика Калмыкия,2021,4,43035.11,50411.91
Республика Калмыкия,2022,1,50154.0,54392.0
Республика Калмыкия,2022,2,50356.0,54355.0
Республика Калмыкия,2022,3,49223.0,54282.0
Республика Калмыкия,2022,4,50832.0,56674.0
Республика Калмыкия,2023,1,58203.46,62848.19
Республика Калмыкия,2023,2,59545.71,65049.61
Республика Калмыкия,2023,3,62280.32,67165.25032192607
Республика Калмыкия,2023,4,62752.14,68341.7
Республика Калмыкия,2024,1,66490.45,76735.23
Республика Калмыкия,2024,2,68786.65,77689.69
Республика Калмыкия,2024,3,69161.73,76485.45
Республика Калмыкия,2024,4,72288.17,79495.63
Республика Калмыкия,2025,1,78770.84,91094.6
Республика Калмыкия,2025,2,82252.18,87189.15
Республика Калмыкия,2025,3,80627.29,85854.94
Республика Калмыкия,2025,4,81976.21,90243.29
Республика Калмыкия,2026,1,88854.71,95339.85
Республика Калмыкия,2026,2,90730.62,96356.24
Республика Карелия,2021,1,57565.46,58008.65
Республика Карелия,2021,2,57559.15,60381.33
Республика Карелия,2021,3,58869.82,66339.63
Республика Карелия,2021,4,63023.03,69858.54
Республика Карелия,2022,1,89093.0,77678.0
Республика Карелия,2022,2,98923.0,77906.0
Республика Карелия,2022,3,102845.0,79086.0
Республика Карелия,2022,4,104478.0,80131.0
Республика Карелия,2023,1,113925.78,85822.94
Республика Карелия,2023,2,118041.2,88347.41
Республика Карелия,2023,3,123068.08,93853.76485132298
Республика Карелия,2023,4,125277.17,95142.19
Республика Карелия,2024,1,132221.2,102501.5
Республика Карелия,2024,2,134230.53,104366.63
Республика Карелия,2024,3,135902.66,104514.61
Республика Карелия,2024,4,136005.24,103438.43
Республика Карелия,2025,1,147807.31,109594.95
Республика Карелия,2025,2,144392.66,108206.57
Республика Карелия,2025,3,144815.72,106989.02
Республика Карелия,2025,4,147108.25,108710.16
Республика Карелия,2026,1,143493.77,119317.17
Республика Карелия,2026,2,145521.26,122153.83
Республика Коми,2021,1,56793.6,56515.85
Республика Коми,2021,2,60112.0,56527.53
Республика Коми,2021,3,62627.14,57245.18
Республика Коми,2021,4,65947.84,58633.73
Республика Коми,2022,1,77673.0,77015.0
Республика Коми,2022,2,83075.0,79503.0
Республика Коми,2022,3,84129.0,81568.0
Республика Коми,2022,4,88610.0,86535.0
Республика Коми,2023,1,84370.33,87292.91
Республика Коми,2023,2,85763.67,89008.78
Республика Коми,2023,3,95047.1,94115.87025468546
Республика Коми,2023,4,106770.86,97959.01
Республика Коми,2024,1,108212.73,100696.87
Республика Коми,2024,2,110949.01,98473.76
Республика Коми,2024,3,110940.24,99780.54
Республика Коми,2024,4,120225.5,105677.23
Республика Коми,2025,1,119226.61,103787.99
Республика Коми,2025,2,117558.63,103846.58
Республика Коми,2025,3,124377.1,104470.69
Республика Коми,2025,4,121179.65,104838.36
Республика Коми,2026,1,121574.24,103752.01
Республика Коми,2026,2,117902.0,105482.68
Республика Крым,2021,1,74252.5,70649.23
Республика Крым,2021,2,81016.08,73396.68
Республика Крым,2021,3,93156.03,72686.7
Республика Крым,2021,4,95808.02,72686.7
Республика Крым,2022,1,99918.0,88433.0
Республика Крым,2022,2,108116.0,90672.0
Республика Крым,2022,3,108729.0,90672.0
Республика Крым,2022,4,106950.0,93044.0
Республика Крым,2023,1,110605.01,114063.79
Республика Крым,2023,2,113193.83,114063.79
Республика Крым,2023,3,114530.78,117225.82364597094
Республика Крым,2023,4,123977.49,117329.77
Республика Крым,2024,1,146701.93,111241.84
Республика Крым,2024,2,155862.87,132598.09
Республика Крым,2024,3,157460.12,132598.09
Республика Крым,2024,4,159531.45,129687.46
Республика Крым,2025,1,170139.55,156215.6
Республика Крым,2025,2,163574.18,156215.6
Республика Крым,2025,3,165386.85,156215.6
Республика Крым,2025,4,165885.08,156215.6
Республика Марий Эл,2021,1,47301.44,42246.7
Республика Марий Эл,2021,2,49881.2,43585.41
Республика Марий Эл,2021,3,52769.81,45841.88
Республика Марий Эл,2021,4,53796.9,48778.41
Республика Марий Эл,2022,1,58583.0,56828.0
Республика Марий Эл,2022,2,59328.0,59138.0
Республика Марий Эл,2022,3,61606.0,61891.0
Республика Марий Эл,2022,4,64066.0,62590.0
Республика Марий Эл,2023,1,66802.03,66159.37
Республика Марий Эл,2023,2,67908.18,66654.16
Республика Марий Эл,2023,3,72892.22,69337.27788457292
Республика Марий Эл,2023,4,81361.83,70854.85
Республика Марий Эл,2024,1,90955.99,74401.25
Республика Марий Эл,2024,2,94644.15,78909.53
Республика Марий Эл,2024,3,99002.53,83225.53
Республика Марий Эл,2024,4,103333.66,83881.34
Республика Марий Эл,2025,1,108676.85,86523.41
Республика Марий Эл,2025,2,109205.29,88416.48
Республика Марий Эл,2025,3,111485.79,91759.94
Республика Марий Эл,2025,4,115237.37,92589.57
Республика Марий Эл,2026,1,116597.71,93903.97
Республика Марий Эл,2026,2,121446.16,98337.85
Республика Мордовия,2021,1,45498.8,44469.64
Республика Мордовия,2021,2,46206.03,45748.35
Республика Мордовия,2021,3,47033.74,46302.42
Республика Мордовия,2021,4,48223.65,47123.24
Республика Мордовия,2022,1,61196.0,64665.0
Республика Мордовия,2022,2,66454.0,63848.0
Республика Мордовия,2022,3,68455.0,65056.0
Республика Мордовия,2022,4,69498.0,66808.0
Республика Мордовия,2023,1,70917.03,69147.17
Республика Мордовия,2023,2,73247.48,70076.44
Республика Мордовия,2023,3,74495.15,71068.12615166575
Республика Мордовия,2023,4,77382.99,73624.8
Республика Мордовия,2024,1,88767.17,76131.83
Республика Мордовия,2024,2,94965.35,77246.11
Республика Мордовия,2024,3,97397.19,77784.65
Республика Мордовия,2024,4,100540.59,81767.97
Республика Мордовия,2025,1,102467.37,88489.26
Республика Мордовия,2025,2,106444.77,89660.59
Республика Мордовия,2025,3,106829.41,90629.71
Республика Мордовия,2025,4,107844.86,93014.35
Республика Мордовия,2026,1,113765.94,100803.03
Республика Мордовия,2026,2,116175.08,103861.72
Республика Саха (Якутия),2021,1,101099.2,81557.83
Республика Саха (Якутия),2021,2,103200.66,81618.7
Республика Саха (Якутия),2021,3,106440.66,83225.46
Республика Саха (Якутия),2021,4,111273.72,84559.05
Республика Саха (Якутия),2022,1,117507.0,106678.0
Республика Саха (Якутия),2022,2,123392.0,106743.0
Республика Саха (Якутия),2022,3,124242.0,106798.0
Республика Саха (Якутия),2022,4,123520.0,119606.0
Республика Саха (Якутия),2023,1,135005.14,121825.2
Республика Саха (Якутия),2023,2,136414.31,123113.81
Республика Саха (Якутия),2023,3,139312.9,122877.11356644229
Республика Саха (Якутия),2023,4,137721.34,124671.07
Республика Саха (Якутия),2024,1,148102.23,125267.9
Республика Саха (Якутия),2024,2,148798.95,128567.53
Республика Саха (Якутия),2024,3,151604.6,127763.66
Республика Саха (Якутия),2024,4,152534.36,125430.2
Республика Саха (Якутия),2025,1,165084.16,119346.84
Республика Саха (Якутия),2025,2,164154.63,120674.25
Республика Саха (Якутия),2025,3,167785.54,120786.22
Республика Саха (Якутия),2025,4,168344.46,120182.85
Республика Саха (Якутия),2026,1,165606.38,152813.0
Республика Саха (Якутия),2026,2,166307.49,149602.17
Республика Северная Осетия-Алания,2022,4,57390.0,55000.0
Республика Татарстан (Татарстан),2021,1,99632.03,93336.17
Республика Татарстан (Татарстан),2021,2,107239.98,97645.88
Республика Татарстан (Татарстан),2021,3,113895.45,98658.8
Республика Татарстан (Татарстан),2021,4,123026.67,103557.16
Республика Татарстан (Татарстан),2022,1,133103.0,119155.0
Республика Татарстан (Татарстан),2022,2,140053.0,124472.0
Республика Татарстан (Татарстан),2022,3,152677.0,127462.0
Республика Татарстан (Татарстан),2022,4,156498.0,134492.0
Республика Татарстан (Татарстан),2023,1,162089.51,137718.88
Республика Татарстан (Татарстан),2023,2,166845.36,133013.93
Республика Татарстан (Татарстан),2023,3,174278.3,131400.24821985755
Республика Татарстан (Татарстан),2023,4,175924.38,133181.84
Республика Татарстан (Татарстан),2024,1,197129.34,137445.11
Республика Татарстан (Татарстан),2024,2,203254.2,136444.69
Республика Татарстан (Татарстан),2024,3,209911.54,136681.75
Республика Татарстан (Татарстан),2024,4,213831.42,154096.21
Республика Татарстан (Татарстан),2025,1,233573.02,154590.94
Республика Татарстан (Татарстан),2025,2,234900.58,155772.14
Республика Татарстан (Татарстан),2025,3,239787.09,156768.06
Республика Татарстан (Татарстан),2025,4,250657.94,157267.93
Республика Татарстан (Татарстан),2026,1,244950.38,184927.88
Республика Татарстан (Татарстан),2026,2,239550.91,187769.97
Республика Тыва,2022,1,107166.0,100203.0
Республика Тыва,2022,2,107131.0,99936.0
Республика Тыва,2022,3,107223.0,103891.0
Республика Тыва,2022,4,102666.0,109109.0
Республика Тыва,2023,1,111273.86,115349.74
Республика Тыва,2023,2,116541.01,117965.61
Республика Тыва,2023,3,123029.44,118336.60223044707
Республика Тыва,2023,4,117904.06,120092.43
Республика Тыва,2024,1,127234.97,131144.65
Республика Тыва,2024,2,133056.04,131144.65
Республика Тыва,2024,3,133751.03,127351.33
Республика Тыва,2024,4,132437.64,126620.32
Республика Тыва,2025,1,134681.22,132121.24
Республика Тыва,2025,2,144060.48,128169.92
Республика Тыва,2025,3,143532.21,129674.42
Республика Тыва,2025,4,144794.64,129674.42
Республика Тыва,2026,1,144630.61,139847.92
Республика Тыва,2026,2,144081.12,139688.35
Республика Хакасия,2021,1,56719.7,52489.81
Республика Хакасия,2021,2,58134.3,52310.89
Республика Хакасия,2021,3,58348.16,55966.89
Республика Хакасия,2021,4,59490.81,57131.15
Республика Хакасия,2022,1,78510.0,69144.0
Республика Хакасия,2022,2,81473.0,69045.0
Республика Хакасия,2022,3,84051.0,72919.0
Республика Хакасия,2022,4,84307.0,72674.0
Республика Хакасия,2023,1,85202.75,79047.88
Республика Хакасия,2023,2,86245.12,79591.05
Республика Хакасия,2023,3,88514.3,83125.87458359971
Республика Хакасия,2023,4,93837.36,83789.45
Республика Хакасия,2024,1,106657.13,97346.54
Республика Хакасия,2024,2,109532.45,98022.23
Республика Хакасия,2024,3,110983.41,97361.72
Республика Хакасия,2024,4,113159.03,99799.93
Республика Хакасия,2025,1,116959.0,103889.02
Республика Хакасия,2025,2,120042.79,103504.3
Республика Хакасия,2025,3,117313.65,102025.79
Республика Хакасия,2025,4,115325.95,106017.6
Республика Хакасия,2026,1,120192.4,97922.13
Республика Хакасия,2026,2,120795.33,98376.41
Ростовская область,2021,1,60485.62,62163.97
Ростовская область,2021,2,63763.85,63908.19
Ростовская область,2021,3,69008.28,63699.29
Ростовская область,2021,4,74507.93,67905.2
Ростовская область,2022,1,85083.0,74637.0
Ростовская область,2022,2,98288.0,80040.0
Ростовская область,2022,3,101080.0,81585.0
Ростовская область,2022,4,100313.0,82723.0
Ростовская область,2023,1,103462.82,92281.58
Ростовская область,2023,2,105518.02,94598.8
Ростовская область,2023,3,106925.03,98878.05050408214
Ростовская область,2023,4,109807.97,100631.78
Ростовская область,2024,1,122339.02,104876.54
Ростовская область,2024,2,125403.43,105809.5
Ростовская область,2024,3,127955.7,107640.73
Ростовская область,2024,4,130540.35,109543.23
Ростовская область,2025,1,136148.74,118672.16
Ростовская область,2025,2,141469.52,121431.75
Ростовская область,2025,3,141155.59,119857.03
Ростовская область,2025,4,139150.75,122552.0
Ростовская область,2026,1,139156.98,120448.04
Ростовская область,2026,2,139400.07,122179.28
Рязанская область,2021,1,57877.66,52619.04
Рязанская область,2021,2,61461.82,53079.31
Рязанская область,2021,3,64705.93,59712.33
Рязанская область,2021,4,66499.2,62380.23
Рязанская область,2022,1,75585.0,68383.0
Рязанская область,2022,2,87627.0,71324.0
Рязанская область,2022,3,90475.0,70688.0
Рязанская область,2022,4,97034.0,72875.0
Рязанская область,2023,1,92845.9,75104.79
Рязанская область,2023,2,94116.02,76986.15
Рязанская область,2023,3,95642.63,79665.09113807291
Рязанская область,2023,4,101182.7,79581.69
Рязанская область,2024,1,106689.67,81146.64
Рязанская область,2024,2,106206.85,83460.66
Рязанская область,2024,3,108731.72,84377.77
Рязанская область,2024,4,113522.82,85635.1
Рязанская область,2025,1,115024.17,88753.02
Рязанская область,2025,2,116653.19,89567.57
Рязанская область,2025,3,118491.54,92492.66
Рязанская область,2025,4,136451.42,92560.85
Рязанская область,2026,1,129172.35,93759.73
Рязанская область,2026,2,131249.58,98708.67
Самарская область,2021,1,60702.06,61317.72
Самарская область,2021,2,61008.44,62346.37
Самарская область,2021,3,63112.65,65881.51
Самарская область,2021,4,67896.8,68466.48
Самарская область,2022,1,99174.0,82883.0
Самарская область,2022,2,108758.0,84058.0
Самарская область,2022,3,108847.0,84055.0
Самарская область,2022,4,111373.0,84920.0
Самарская область,2023,1,109274.7,91238.97
Самарская область,2023,2,109199.04,91568.19
Самарская область,2023,3,112458.3,92631.80142112344
Самарская область,2023,4,120795.91,95666.81
Самарская область,2024,1,130818.4,110056.06
Самарская область,2024,2,132180.37,110765.45
Самарская область,2024,3,137928.32,114461.3
Самарская область,2024,4,138439.5,114784.04
Самарская область,2025,1,138879.89,118356.03
Самарская область,2025,2,142386.87,120640.22
Самарская область,2025,3,144580.61,121483.97
Самарская область,2025,4,146220.69,121307.31
Самарская область,2026,1,146849.56,131530.25
Самарская область,2026,2,145778.26,126676.07
Саратовская область,2021,1,46538.32,48132.91
Саратовская область,2021,2,48560.03,48731.96
Саратовская область,2021,3,49655.48,50237.1
Саратовская область,2021,4,54387.28,55457.32
Саратовская область,2022,1,65254.0,67131.0
Саратовская область,2022,2,67867.0,69033.0
Саратовская область,2022,3,79568.0,70227.0
Саратовская область,2022,4,79839.0,72632.0
Саратовская область,2023,1,78053.42,74541.11
Саратовская область,2023,2,77983.87,76686.37
Саратовская область,2023,3,81853.26,78120.0486215431
Саратовская область,2023,4,82843.2,84895.74
Саратовская область,2024,1,88209.91,86799.96
Саратовская область,2024,2,96863.4,88912.84
Саратовская область,2024,3,98862.45,91734.78
Саратовская область,2024,4,101040.61,90898.42
Саратовская область,2025,1,103843.75,92358.23
Саратовская область,2025,2,104744.14,92643.41
Саратовская область,2025,3,107445.99,89784.65
Саратовская область,2025,4,108311.52,93674.42
Саратовская область,2026,1,112716.43,94152.88
Саратовская область,2026,2,113946.69,100818.97
Сахалинская область,2021,1,122628.78,137387.33
Сахалинская область,2021,2,123872.11,133768.3
Сахалинская область,2021,3,126150.09,139878.7
Сахалинская область,2021,4,126105.08,149281.18
Сахалинская область,2022,1,150513.0,150423.0
Сахалинская область,2022,2,139719.0,155423.0
Сахалинская область,2022,3,141683.0,149904.0
Сахалинская область,2022,4,144271.0,151244.0
Сахалинская область,2023,1,165442.43,153967.16
Сахалинская область,2023,2,169896.06,151825.39
Сахалинская область,2023,3,166564.98,153749.61669867072
Сахалинская область,2023,4,167902.92,156303.91
Сахалинская область,2024,1,161127.15,151915.32
Сахалинская область,2024,2,165433.91,155499.19
Сахалинская область,2024,3,160021.92,156147.19
Сахалинская область,2024,4,161436.57,157225.57
Сахалинская область,2025,1,176401.38,153979.4
Сахалинская область,2025,2,182523.75,148870.81
Сахалинская область,2025,3,182318.51,146327.28
Сахалинская область,2025,4,184775.38,157554.71
Сахалинская область,2026,1,205263.07,166687.94
Сахалинская область,2026,2,208366.28,170306.81
Свердловская область,2021,1,82683.17,73293.0
Свердловская область,2021,2,85749.06,77443.7
Свердловская область,2021,3,92791.34,78809.86
Свердловская область,2021,4,97325.07,83002.1
Свердловская область,2022,1,103321.0,90726.0
Свердловская область,2022,2,110595.0,94866.0
Свердловская область,2022,3,114917.0,95926.0
Свердловская область,2022,4,117061.0,95650.0
Свердловская область,2023,1,117921.38,94282.01
Свердловская область,2023,2,119324.15,96757.5
Свердловская область,2023,3,124726.19,97827.91330667307
Свердловская область,2023,4,134917.68,99013.27
Свердловская область,2024,1,137503.61,105138.48
Свердловская область,2024,2,143067.13,107240.65
Свердловская область,2024,3,148450.02,109022.59
Свердловская область,2024,4,149432.65,109038.66
Свердловская область,2025,1,155833.07,115445.03
Свердловская область,2025,2,153123.36,115000.51
Свердловская область,2025,3,156016.51,115761.83
Свердловская область,2025,4,159936.31,118562.08
Свердловская область,2026,1,161187.16,114355.0
Свердловская область,2026,2,162708.57,114704.02
Смоленская область,2021,1,52635.38,45362.38
Смоленская область,2021,2,54583.08,39223.4
Смоленская область,2021,3,58629.84,47653.16
Смоленская область,2021,4,60804.22,48648.62
Смоленская область,2022,1,61737.0,48570.0
Смоленская область,2022,2,65677.0,48635.0
Смоленская область,2022,3,68737.0,49737.0
Смоленская область,2022,4,66104.0,49615.0
Смоленская область,2023,1,68431.46,56745.3
Смоленская область,2023,2,70161.65,61177.12
Смоленская область,2023,3,72516.55,64223.42442389888
Смоленская область,2023,4,78491.0,65549.3
Смоленская область,2024,1,87685.95,70110.66
Смоленская область,2024,2,93961.32,71568.42
Смоленская область,2024,3,94540.65,74877.6
Смоленская область,2024,4,94223.25,76003.8
Смоленская область,2025,1,102287.85,78011.65
Смоленская область,2025,2,106519.66,78003.94
Смоленская область,2025,3,108870.77,82664.12
Смоленская область,2025,4,109714.78,87212.44
Смоленская область,2026,1,113812.44,90883.09
Смоленская область,2026,2,117387.68,91291.13
Ставропольский край,2021,1,47262.56,54049.61
Ставропольский край,2021,2,47274.4,52542.82
Ставропольский край,2021,3,47337.95,55139.21
Ставропольский край,2021,4,47420.01,59331.33
Ставропольский край,2022,1,55600.0,63035.0
Ставропольский край,2022,2,62921.0,62564.0
Ставропольский край,2022,3,63056.0,63018.0
Ставропольский край,2022,4,64111.0,62514.0
Ставропольский край,2023,1,85304.32,72725.02
Ставропольский край,2023,2,85497.64,75556.51
Ставропольский край,2023,3,86560.26,76529.05090513134
Ставропольский край,2023,4,86728.67,77870.98
Ставропольский край,2024,1,97658.71,84048.3
Ставропольский край,2024,2,106078.58,84299.6
Ставропольский край,2024,3,114120.9,82086.89
Ставропольский край,2024,4,120524.72,86866.08
Ставропольский край,2025,1,109475.01,89687.49
Ставропольский край,2025,2,104209.17,91844.93
Ставропольский край,2025,3,109476.06,92696.9
Ставропольский край,2025,4,110228.37,95312.62
Ставропольский край,2026,1,120078.05,105069.64
Ставропольский край,2026,2,122525.86,105035.32
Тамбовская область,2021,1,44806.26,44759.63
Тамбовская область,2021,2,46118.03,44468.18
Тамбовская область,2021,3,46525.55,44613.29
Тамбовская область,2021,4,48790.64,45463.52
Тамбовская область,2022,1,63538.0,73242.0
Тамбовская область,2022,2,68089.0,76355.0
Тамбовская область,2022,3,67072.0,76229.0
Тамбовская область,2022,4,68869.0,77250.0
Тамбовская область,2023,1,71257.19,73922.54
Тамбовская область,2023,2,75809.87,74424.17
Тамбовская область,2023,3,72799.15,72867.4478356071
Тамбовская область,2023,4,75223.44,70116.15
Тамбовская область,2024,1,77687.78,76342.94
Тамбовская область,2024,2,79045.76,77332.28
Тамбовская область,2024,3,79009.31,77962.11
Тамбовская область,2024,4,85409.21,76857.25
Тамбовская область,2025,1,89907.02,75980.59
Тамбовская область,2025,2,90164.4,75980.59
Тамбовская область,2025,3,92679.82,75621.44
Тамбовская область,2025,4,97393.2,76589.74
Тамбовская область,2026,1,98856.54,83163.95
Тамбовская область,2026,2,98880.03,83160.56
Тверская область,2021,1,54407.19,60220.4
Тверская область,2021,2,56589.1,64106.77
Тверская область,2021,3,60042.45,66514.57
Тверская область,2021,4,67390.63,78207.41
Тверская область,2022,1,78012.0,88517.0
Тверская область,2022,2,80190.0,88779.0
Тверская область,2022,3,81236.0,86944.0
Тверская область,2022,4,86532.0,88631.0
Тверская область,2023,1,89018.35,88477.23
Тверская область,2023,2,86790.36,87130.19
Тверская область,2023,3,86830.66,87709.96537790533
Тверская область,2023,4,92350.75,87655.4
Тверская область,2024,1,95412.8,81527.62
Тверская область,2024,2,97895.25,80783.98
Тверская область,2024,3,98910.12,82361.8
Тверская область,2024,4,101172.77,90730.95
Тверская область,2025,1,105210.4,86827.77
Тверская область,2025,2,104970.38,83068.98
Тверская область,2025,3,105229.22,86612.47
Тверская область,2025,4,108260.66,89684.05
Тверская область,2026,1,118509.66,95905.17
Тверская область,2026,2,122151.11,99532.1
Томская область,2021,1,71714.95,67540.51
Томская область,2021,2,77442.94,72732.44
Томская область,2021,3,80969.66,75469.59
Томская область,2021,4,83503.68,79049.95
Томская область,2022,1,88825.0,87770.0
Томская область,2022,2,98039.0,89990.0
Томская область,2022,3,99840.0,90478.0
Томская область,2022,4,101136.0,89490.0
Томская область,2023,1,112350.85,89900.59
Томская область,2023,2,112042.5,92172.31
Томская область,2023,3,115173.03,95530.07859912944
Томская область,2023,4,121200.68,98330.43
Томская область,2024,1,134709.53,102330.44
Томская область,2024,2,137292.63,104898.07
Томская область,2024,3,137514.82,107939.13
Томская область,2024,4,139613.89,109064.94
Томская область,2025,1,145378.91,109897.86
Томская область,2025,2,147077.1,108074.69
Томская область,2025,3,147512.13,109785.54
Томская область,2025,4,148313.86,111571.17
Томская область,2026,1,155898.39,116941.2
Томская область,2026,2,156079.02,119006.96
Тульская область,2021,1,70473.09,76799.61
Тульская область,2021,2,72082.51,78677.33
Тульская область,2021,3,72803.94,79445.78
Тульская область,2021,4,73001.58,79748.6
Тульская область,2022,1,84172.0,85799.0
Тульская область,2022,2,89298.0,85591.0
Тульская область,2022,3,93510.0,87544.0
Тульская область,2022,4,91825.0,85663.0
Тульская область,2023,1,90628.22,95517.53
Тульская область,2023,2,94099.9,91066.63
Тульская область,2023,3,95846.85,98054.78056722488
Тульская область,2023,4,91290.7,99506.21
Тульская область,2024,1,109083.47,104117.21
Тульская область,2024,2,106081.1,105723.96
Тульская область,2024,3,109750.48,109494.31
Тульская область,2024,4,113772.89,109601.26
Тульская область,2025,1,110382.67,115016.31
Тульская область,2025,2,111525.8,114445.25
Тульская область,2025,3,110342.38,115248.15
Тульская область,2025,4,105003.62,118380.27
Тульская область,2026,1,139373.51,110388.39
Тульская область,2026,2,138333.57,112134.83
Тюменская область (кроме Ханты-Мансийского автономного округа-Югры и Ямало-Ненецкого автономного округа),2021,1,70332.2,64592.73
Тюменская область (кроме Ханты-Мансийского автономного округа-Югры и Ямало-Ненецкого автономного округа),2021,2,73912.64,65652.69
Тюменская область (кроме Ханты-Мансийского автономного округа-Югры и Ямало-Ненецкого автономного округа),2021,3,77077.75,65396.71
Тюменская область (кроме Ханты-Мансийского автономного округа-Югры и Ямало-Ненецкого автономного округа),2021,4,78447.9,65169.79
Тюменская область (кроме Ханты-Мансийского автономного округа-Югры и Ямало-Ненецкого автономного округа),2022,1,91797.0,87022.0
Тюменская область (кроме Ханты-Мансийского автономного округа-Югры и Ямало-Ненецкого автономного округа),2022,2,97141.0,83959.0
Тюменская область (кроме Ханты-Мансийского автономного округа-Югры и Ямало-Ненецкого автономного округа),2022,3,102153.0,85092.0
Тюменская область (кроме Ханты-Мансийского автономного округа-Югры и Ямало-Ненецкого автономного округа),2022,4,101192.0,81983.0
Тюменская область (кроме Ханты-Мансийского автономного округа-Югры и Ямало-Ненецкого автономного округа),2023,1,107362.0,95072.71
Тюменская область (кроме Ханты-Мансийского автономного округа-Югры и Ямало-Ненецкого автономного округа),2023,2,109359.28,99290.84
Тюменская область (кроме Ханты-Мансийского автономного округа-Югры и Ямало-Ненецкого автономного округа),2023,3,113626.53,102929.22754520524
Тюменская область (кроме Ханты-Мансийского автономного округа-Югры и Ямало-Ненецкого автономного округа),2023,4,118467.07,106730.06
Тюменская область (кроме Ханты-Мансийского автономного округа-Югры и Ямало-Ненецкого автономного округа),2024,1,129081.61,104163.03
Тюменская область (кроме Ханты-Мансийского автономного округа-Югры и Ямало-Ненецкого автономного округа),2024,2,131703.53,106705.56
Тюменская область (кроме Ханты-Мансийского автономного округа-Югры и Ямало-Ненецкого автономного округа),2024,3,132002.83,113538.84
Тюменская область (кроме Ханты-Мансийского автономного округа-Югры и Ямало-Ненецкого автономного округа),2024,4,136863.66,105839.71
Тюменская область (кроме Ханты-Мансийского автономного округа-Югры и Ямало-Ненецкого автономного округа),2025,1,139469.87,108445.34
Тюменская область (кроме Ханты-Мансийского автономного округа-Югры и Ямало-Ненецкого автономного округа),2025,2,142350.11,112311.87
Тюменская область (кроме Ханты-Мансийского автономного округа-Югры и Ямало-Ненецкого автономного округа),2025,3,142637.71,108664.13
Тюменская область (кроме Ханты-Мансийского автономного округа-Югры и Ямало-Ненецкого автономного округа),2025,4,145075.71,106600.46
Тюменская область (кроме Ханты-Мансийского автономного округа-Югры и Ямало-Ненецкого автономного округа),2026,1,149095.23,122796.51
Тюменская область (кроме Ханты-Мансийского автономного округа-Югры и Ямало-Ненецкого автономного округа),2026,2,145863.49,119268.92
Удмуртская Республика,2021,1,62060.77,55266.67
Удмуртская Республика,2021,2,63588.56,56907.24
Удмуртская Республика,2021,3,65316.54,58245.99
Удмуртская Республика,2021,4,67382.02,60771.27
Удмуртская Республика,2022,1,72960.0,63678.0
Удмуртская Республика,2022,2,75158.0,64592.0
Удмуртская Республика,2022,3,76940.0,65724.0
Удмуртская Республика,2022,4,77241.0,66177.0
Удмуртская Республика,2023,1,87388.87,77261.93
Удмуртская Республика,2023,2,88501.53,77261.93
Удмуртская Республика,2023,3,89528.58,78046.95117905943
Удмуртская Республика,2023,4,93487.63,78046.95
Удмуртская Республика,2024,1,100138.11,84990.27
Удмуртская Республика,2024,2,102978.97,88249.01
Удмуртская Республика,2024,3,106435.67,93188.93
Удмуртская Республика,2024,4,112184.84,83108.51
Удмуртская Республика,2025,1,115341.02,88874.02
Удмуртская Республика,2025,2,118784.37,90051.05
Удмуртская Республика,2025,3,120526.96,113940.68
Удмуртская Республика,2025,4,122251.85,105843.62
Удмуртская Республика,2026,1,135311.31,104488.83
Удмуртская Республика,2026,2,138506.44,107574.96
Ульяновская область,2021,1,54443.36,48713.5
Ульяновская область,2021,2,56915.46,49612.8
Ульяновская область,2021,3,59172.47,51966.93
Ульяновская область,2021,4,62682.57,52687.05
Ульяновская область,2022,1,69345.0,56300.0
Ульяновская область,2022,2,77509.0,59684.0
Ульяновская область,2022,3,80471.0,63049.0
Ульяновская область,2022,4,81761.0,62872.0
Ульяновская область,2023,1,82922.89,73093.53
Ульяновская область,2023,2,84038.8,75316.45
Ульяновская область,2023,3,86738.4,80512.48944370031
Ульяновская область,2023,4,93264.18,80792.08
Ульяновская область,2024,1,96260.93,86858.06
Ульяновская область,2024,2,99025.91,87666.75
Ульяновская область,2024,3,102127.69,90034.24
Ульяновская область,2024,4,105222.76,92549.16
Ульяновская область,2025,1,107764.62,89114.51
Ульяновская область,2025,2,110580.87,88355.5
Ульяновская область,2025,3,111641.12,88028.95
Ульяновская область,2025,4,116035.14,88151.04
Ульяновская область,2026,1,122186.7,96856.7
Ульяновская область,2026,2,124435.54,98306.71
Хабаровский край,2021,1,100707.57,88457.07
Хабаровский край,2021,2,105703.06,89062.78
Хабаровский край,2021,3,106886.9,92486.61
Хабаровский край,2021,4,110014.27,98738.49
Хабаровский край,2022,1,105123.0,104148.0
Хабаровский край,2022,2,108773.0,98950.0
Хабаровский край,2022,3,110894.0,99455.0
Хабаровский край,2022,4,109622.0,102389.0
Хабаровский край,2023,1,121622.73,104266.65
Хабаровский край,2023,2,123837.33,108010.36
Хабаровский край,2023,3,127058.3,108989.06852880413
Хабаровский край,2023,4,130813.84,108165.4
Хабаровский край,2024,1,143593.1,115279.97
Хабаровский край,2024,2,149215.21,112607.83
Хабаровский край,2024,3,149860.15,113150.84
Хабаровский край,2024,4,153203.24,115744.27
Хабаровский край,2025,1,161184.86,121651.27
Хабаровский край,2025,2,160861.84,123346.86
Хабаровский край,2025,3,164240.39,121683.22
Хабаровский край,2025,4,164736.48,122707.4
Хабаровский край,2026,1,167094.59,130554.87
Хабаровский край,2026,2,168745.64,132052.21
Ханты-Мансийский автономный округ - Югра (Тюменская область),2021,1,81569.49,92644.38
Ханты-Мансийский автономный округ - Югра (Тюменская область),2021,2,81754.85,92645.72
Ханты-Мансийский автономный округ - Югра (Тюменская область),2021,3,81754.85,92645.72
Ханты-Мансийский автономный округ - Югра (Тюменская область),2021,4,81754.85,92645.72
Ханты-Мансийский автономный округ - Югра (Тюменская область),2022,1,93341.0,108280.0
Ханты-Мансийский автономный округ - Югра (Тюменская область),2022,2,101553.0,108327.0
Ханты-Мансийский автономный округ - Югра (Тюменская область),2022,3,108715.0,109407.0
Ханты-Мансийский автономный округ - Югра (Тюменская область),2022,4,108819.0,111160.0
Ханты-Мансийский автономный округ - Югра (Тюменская область),2023,1,97631.87,122045.38
Ханты-Мансийский автономный округ - Югра (Тюменская область),2023,2,100865.16,122255.28
Ханты-Мансийский автономный округ - Югра (Тюменская область),2023,3,109997.54,120384.08858258979
Ханты-Мансийский автономный округ - Югра (Тюменская область),2023,4,110578.34,123007.68
Ханты-Мансийский автономный округ - Югра (Тюменская область),2024,1,131123.7,115303.48
Ханты-Мансийский автономный округ - Югра (Тюменская область),2024,2,132543.42,124969.76
Ханты-Мансийский автономный округ - Югра (Тюменская область),2024,3,133108.03,112273.47
Ханты-Мансийский автономный округ - Югра (Тюменская область),2024,4,136854.79,129900.91
Ханты-Мансийский автономный округ - Югра (Тюменская область),2025,1,139719.33,121896.33
Ханты-Мансийский автономный округ - Югра (Тюменская область),2025,2,141260.17,121346.22
Ханты-Мансийский автономный округ - Югра (Тюменская область),2025,3,141562.05,121969.05
Ханты-Мансийский автономный округ - Югра (Тюменская область),2025,4,142096.68,132061.81
Ханты-Мансийский автономный округ - Югра (Тюменская область),2026,1,162572.36,127387.34
Ханты-Мансийский автономный округ - Югра (Тюменская область),2026,2,162421.56,127484.16
Челябинская область,2021,1,51066.91,39085.13
Челябинская область,2021,2,52713.97,40163.08
Челябинская область,2021,3,57264.23,44910.09
Челябинская область,2021,4,60251.17,46607.61
Челябинская область,2022,1,64804.0,67021.0
Челябинская область,2022,2,73892.0,72772.0
Челябинская область,2022,3,75030.0,72546.0
Челябинская область,2022,4,77474.0,72881.0
Челябинская область,2023,1,86791.92,70254.25
Челябинская область,2023,2,90421.37,70936.03
Челябинская область,2023,3,95957.3,73195.98176709657
Челябинская область,2023,4,104486.29,80232.24
Челябинская область,2024,1,114929.61,78952.19
Челябинская область,2024,2,118476.18,79647.12
Челябинская область,2024,3,120462.48,80559.58
Челябинская область,2024,4,121084.27,80559.58
Челябинская область,2025,1,128887.86,83016.72
Челябинская область,2025,2,129917.4,86836.94
Челябинская область,2025,3,132153.12,87708.93
Челябинская область,2025,4,135721.09,105689.21
Челябинская область,2026,1,148283.31,106679.53
Челябинская область,2026,2,149806.96,109275.2
Чеченская Республика,2021,1,50021.55,51836.54
Чеченская Республика,2021,2,51529.12,53655.61
Чеченская Республика,2021,3,51782.96,54003.02
Чеченская Республика,2021,4,51782.96,54416.06
Чеченская Республика,2022,1,55343.0,61543.0
Чеченская Республика,2022,2,54956.0,62035.0
Чеченская Республика,2022,3,53266.0,61590.0
Чеченская Республика,2022,4,53638.0,63194.0
Чеченская Республика,2023,1,63994.19,69204.91
Чеченская Республика,2023,2,64886.7,69280.92
Чеченская Республика,2023,3,65074.15,69456.62517825035
Чеченская Республика,2023,4,65074.23,69456.63
Чеченская Республика,2024,1,79464.86,75747.41
Чеченская Республика,2024,2,82755.74,77491.17
Чеченская Республика,2024,3,86035.04,77497.14
Чеченская Республика,2024,4,86283.88,77880.22
Чеченская Республика,2025,1,88894.86,87281.21
Чеченская Республика,2025,2,89666.55,87562.49
Чеченская Республика,2025,3,89797.87,87551.17
Чеченская Республика,2025,4,89310.95,87551.17
Чеченская Республика,2026,1,84085.15,89610.06
Чеченская Республика,2026,2,85031.54,89594.73
Чувашская Республика - Чувашия,2021,1,55610.63,47722.63
Чувашская Республика - Чувашия,2021,2,59009.49,50293.12
Чувашская Республика - Чувашия,2021,3,60826.33,52224.96
Чувашская Республика - Чувашия,2021,4,64100.88,60609.08
Чувашская Республика - Чувашия,2022,1,74490.0,68773.0
Чувашская Республика - Чувашия,2022,2,76444.0,67970.0
Чувашская Республика - Чувашия,2022,3,77895.0,72817.0
Чувашская Республика - Чувашия,2022,4,79529.0,83192.0
Чувашская Республика - Чувашия,2023,1,89918.18,88617.58
Чувашская Республика - Чувашия,2023,2,94362.19,88729.04
Чувашская Республика - Чувашия,2023,3,98242.28,89418.36159638462
Чувашская Республика - Чувашия,2023,4,108539.93,93135.25
Чувашская Республика - Чувашия,2024,1,114674.86,99797.29
Чувашская Республика - Чувашия,2024,2,118236.9,98315.29
Чувашская Республика - Чувашия,2024,3,123612.96,98493.49
Чувашская Республика - Чувашия,2024,4,124877.79,99684.5
Чувашская Республика - Чувашия,2025,1,130084.49,94625.55
Чувашская Республика - Чувашия,2025,2,132434.48,99826.42
Чувашская Республика - Чувашия,2025,3,131087.32,91730.09
Чувашская Республика - Чувашия,2025,4,134980.97,97992.86
Чувашская Республика - Чувашия,2026,1,140184.8,114407.86
Чувашская Республика - Чувашия,2026,2,142299.44,115994.36
Ямало-Ненецкий автономный округ (Тюменская область),2024,1,173043.2,184169.12
Ямало-Ненецкий автономный округ (Тюменская область),2024,2,176702.32,188291.49
Ямало-Ненецкий автономный округ (Тюменская область),2024,3,182118.01,190291.74
Ямало-Ненецкий автономный округ (Тюменская область),2024,4,187206.7,190291.74
Ямало-Ненецкий автономный округ (Тюменская область),2025,1,186722.1,203944.29
Ямало-Ненецкий автономный округ (Тюменская область),2025,2,188217.04,203944.29
Ямало-Ненецкий автономный округ (Тюменская область),2025,3,189673.55,206850.21
Ямало-Ненецкий автономный округ (Тюменская область),2025,4,189365.03,213433.35
Ямало-Ненецкий автономный округ (Тюменская область),2026,1,216528.43,225524.34
Ямало-Ненецкий автономный округ (Тюменская область),2026,2,219243.15,225834.67
Ярославская область,2021,1,56867.88,69991.82
Ярославская область,2021,2,57832.32,71535.43
Ярославская область,2021,3,62604.55,72430.55
Ярославская область,2021,4,64604.65,73527.09
Ярославская область,2022,1,75993.0,65855.0
Ярославская область,2022,2,82403.0,68734.0
Ярославская область,2022,3,84887.0,68738.0
Ярославская область,2022,4,87993.0,68165.0
Ярославская область,2023,1,91519.42,80022.84
Ярославская область,2023,2,88730.76,78035.44
Ярославская область,2023,3,97165.68,79086.49258235522
Ярославская область,2023,4,97861.53,81446.7
Ярославская область,2024,1,104842.87,80799.72
Ярославская область,2024,2,107360.79,84426.47
Ярославская область,2024,3,107596.19,87232.42
Ярославская область,2024,4,109193.91,85892.69
Ярославская область,2025,1,102485.14,87880.12
Ярославская область,2025,2,104011.05,88580.72
Ярославская область,2025,3,106808.2,91654.51
Ярославская область,2025,4,111476.19,93132.11
Ярославская область,2026,1,126362.8,95845.21
Ярославская область,2026,2,126672.87,98891.06
