spec,outcome,b,se,lo,hi,n,theta,theta_lo,theta_hi
"база: до погашения, спред 3,5, лаг 1",lp1,0.2315,0.2168,-0.1937,0.6566,1657,0.3858,-0.3228,1.0944
веса — объём выдач,lp1,0.3921,0.2058,-0.0117,0.7958,1657,0.6534,-0.0194,1.3263
региональные тренды,lp1,0.1575,0.1682,-0.1724,0.4873,1657,0.2624,-0.2874,0.8122
без ДФО,lp1,-0.0579,0.2133,-0.4764,0.3606,1451,-0.0965,-0.7940,0.6010
горизонт 84 мес.,lp1,0.1684,0.2762,-0.3734,0.7102,1657,0.2807,-0.6224,1.1837
"спред 2,0",lp1,0.2306,0.1991,-0.1598,0.6211,1657,0.3844,-0.2663,1.0351
"спред 5,0",lp1,0.2306,0.2343,-0.2289,0.6902,1657,0.3844,-0.3816,1.1503
срок 240 мес.,lp1,0.1878,0.2502,-0.3030,0.6786,1657,0.3130,-0.5050,1.1310
ориентир — среднее за 12 мес.,lp1,0.2182,0.1950,-0.1643,0.6008,1657,0.3637,-0.2738,1.0013
"база: до погашения, спред 3,5, лаг 1",lp2,0.1390,0.2026,-0.2584,0.5364,1657,0.2317,-0.4306,0.8940
веса — объём выдач,lp2,0.5758,0.3171,-0.0462,1.1978,1657,0.9597,-0.0769,1.9964
региональные тренды,lp2,0.1442,0.1467,-0.1435,0.4319,1657,0.2404,-0.2391,0.7198
без ДФО,lp2,-0.2158,0.1831,-0.5750,0.1434,1451,-0.3597,-0.9583,0.2390
горизонт 84 мес.,lp2,-0.0314,0.2426,-0.5072,0.4445,1657,-0.0523,-0.8454,0.7408
"спред 2,0",lp2,0.1443,0.1892,-0.2268,0.5154,1657,0.2406,-0.3779,0.8591
"спред 5,0",lp2,0.1317,0.2158,-0.2915,0.5550,1657,0.2196,-0.4858,0.9249
срок 240 мес.,lp2,0.0443,0.2255,-0.3980,0.4867,1657,0.0739,-0.6634,0.8111
ориентир — среднее за 12 мес.,lp2,0.1696,0.1901,-0.2033,0.5425,1657,0.2827,-0.3389,0.9042
"база: до погашения, спред 3,5, лаг 1",lgap,0.0925,0.2185,-0.3361,0.5210,1657,0.1541,-0.5601,0.8683
веса — объём выдач,lgap,-0.1838,0.2493,-0.6728,0.3052,1657,-0.3063,-1.1213,0.5087
региональные тренды,lgap,0.0132,0.1677,-0.3157,0.3422,1657,0.0221,-0.5261,0.5703
без ДФО,lgap,0.1579,0.2482,-0.3290,0.6448,1451,0.2632,-0.5483,1.0747
горизонт 84 мес.,lgap,0.1998,0.2906,-0.3702,0.7698,1657,0.3330,-0.6171,1.2830
"спред 2,0",lgap,0.0863,0.1995,-0.3049,0.4775,1657,0.1438,-0.5082,0.7959
"спред 5,0",lgap,0.0989,0.2374,-0.3667,0.5645,1657,0.1648,-0.6112,0.9408
срок 240 мес.,lgap,0.1435,0.2502,-0.3473,0.6343,1657,0.2391,-0.5788,1.0571
ориентир — среднее за 12 мес.,lgap,0.0486,0.2019,-0.3474,0.4447,1657,0.0811,-0.5790,0.7411
