место_по_глубине_падения,регион,январь_всего_млн,январь_ДДУ_млн,январь_доля_проц,февраль_всего_млн,февраль_ДДУ_млн,февраль_доля_проц,изменение_п_п
1,Чеченская Республика,305,150,49.2,344,66,19.2,-30.0
2,Кабардино-Балкарская Республика,1096,782,71.4,435,180,41.4,-30.0
3,Брянская область,2424,1525,62.9,1748,602,34.4,-28.5
4,Магаданская область,407,216,53.1,577,149,25.8,-27.2
5,Новгородская область,1022,654,64.0,852,320,37.6,-26.4
6,Республика Коми,1649,1006,61.0,1295,448,34.6,-26.4
7,Мурманская область,1768,1111,62.8,1563,592,37.9,-25.0
8,Владимирская область,2117,1182,55.8,1734,542,31.3,-24.6
9,г. Санкт-Петербург,25937,16659,64.2,14417,5754,39.9,-24.3
10,Тюменская область без данных по Ханты-Мансийскому автономному округу - Югре и Ямало-Ненецкому автономному округу,7338,4473,61.0,3470,1272,36.7,-24.3
11,Ивановская область,1592,823,51.7,1113,307,27.6,-24.1
12,Смоленская область,1471,817,55.5,1093,352,32.2,-23.3
13,Саратовская область,3876,1864,48.1,2826,704,24.9,-23.2
14,Астраханская область,3371,2013,59.7,2208,816,37.0,-22.8
15,Самарская область,6115,3031,49.6,4350,1172,26.9,-22.6
16,Вологодская область,2186,1224,56.0,1659,557,33.6,-22.4
17,Кировская область,2866,1698,59.2,2064,765,37.1,-22.2
18,Пензенская область,2941,1766,60.0,1692,648,38.3,-21.7
19,Республика Северная Осетия - Алания,1162,910,78.3,740,420,56.8,-21.6
20,г. Москва,56251,37389,66.5,34474,15511,45.0,-21.5
21,Московская область,31940,19778,61.9,20445,8289,40.5,-21.4
22,Красноярский край,7316,4271,58.4,5476,2029,37.1,-21.3
23,Курганская область,1908,1131,59.3,1248,478,38.3,-21.0
24,Пермский край,8155,5479,67.2,5222,2425,46.4,-20.7
25,Республика Карелия,1117,638,57.1,1003,367,36.6,-20.5
26,Тюменская область,18139,10508,57.9,10328,3878,37.5,-20.4
27,Оренбургская область,4909,2630,53.6,4107,1365,33.2,-20.3
28,Республика Татарстан (Татарстан),16231,10058,62.0,9638,4018,41.7,-20.3
29,Свердловская область,14645,9668,66.0,9557,4373,45.8,-20.3
30,Удмуртская Республика,5830,3547,60.8,3355,1370,40.8,-20.0
31,Иркутская область,5659,2939,51.9,3839,1226,31.9,-20.0
32,в том числе Ханты-Мансийский автономный округ - Югра,7944,4253,53.5,4872,1639,33.6,-19.9
33,Алтайский край,3851,2331,60.5,2620,1065,40.6,-19.9
34,Ульяновская область,2942,1823,62.0,1724,732,42.5,-19.5
35,Курская область,2791,1401,50.2,1862,572,30.7,-19.5
36,Ленинградская область,7219,4246,58.8,4350,1723,39.6,-19.2
37,Орловская область,1194,599,50.2,807,253,31.4,-18.8
38,Псковская область,1138,693,60.9,666,282,42.3,-18.6
39,Новосибирская область,8016,4947,61.7,5990,2608,43.5,-18.2
40,Кемеровская область - Кузбасс,4285,2367,55.2,3234,1202,37.2,-18.1
41,Ярославская область,2519,1446,57.4,1729,683,39.5,-17.9
42,Нижегородская область,7622,4763,62.5,5270,2355,44.7,-17.8
43,Костромская область,1291,821,63.6,939,433,46.1,-17.5
44,Омская область,4077,2164,53.1,3334,1200,36.0,-17.1
45,Карачаево-Черкесская Республика,547,383,70.0,483,256,53.0,-17.0
46,Тамбовская область,1623,966,59.5,1087,464,42.7,-16.8
47,Волгоградская область,4336,2702,62.3,3170,1444,45.6,-16.8
48,Воронежская область,5446,2928,53.8,3120,1161,37.2,-16.6
49,Республика Мордовия,1878,1196,63.7,1125,531,47.2,-16.5
50,Белгородская область,3761,2259,60.1,2550,1116,43.8,-16.3
51,Чувашская Республика - Чувашия,4075,2579,63.3,2220,1048,47.2,-16.1
52,Липецкая область,2070,1093,52.8,1439,531,36.9,-15.9
53,Тульская область,3893,2607,67.0,2400,1240,51.7,-15.3
54,Республика Марий Эл,1927,1271,66.0,1193,608,51.0,-15.0
55,Томская область,2498,1226,49.1,1693,578,34.1,-14.9
56,Республика Башкортостан,14854,8812,59.3,9173,4106,44.8,-14.6
57,Камчатский край,770,452,58.7,769,341,44.3,-14.4
58,Сахалинская область,1373,743,54.1,1863,746,40.0,-14.1
59,Челябинская область,10001,4797,48.0,7061,2396,33.9,-14.0
60,в том числе Ямало-Ненецкий автономный округ,2856,1782,62.4,1986,968,48.7,-13.7
61,Калужская область,2242,1100,49.1,1505,538,35.7,-13.3
62,Архангельская область,2658,1450,54.6,3243,1345,41.5,-13.1
63,Республика Дагестан,1994,1436,72.0,1188,701,59.0,-13.0
64,Архангельская область без данных по Ненецкому автономному округу,2581,1401,54.3,3102,1290,41.6,-12.7
65,Хабаровский край,4030,2913,72.3,4511,2727,60.5,-11.8
66,Республика Алтай,478,320,66.9,326,180,55.2,-11.7
67,Республика Крым,3595,2650,73.7,2409,1520,63.1,-10.6
68,Рязанская область,2854,1945,68.1,1945,1122,57.7,-10.5
69,Ростовская область,13090,9436,72.1,8975,5549,61.8,-10.3
70,Краснодарский край,16952,10824,63.9,12602,6902,54.8,-9.1
71,Тверская область,2582,1189,46.0,1814,671,37.0,-9.1
72,Ставропольский край,5687,3669,64.5,3793,2104,55.5,-9.0
73,Республика Бурятия,3670,2737,74.6,3249,2135,65.7,-8.9
74,Забайкальский край,3216,2272,70.6,3151,1952,61.9,-8.7
75,Республика Хакасия,1219,549,45.0,945,344,36.4,-8.6
76,Республика Калмыкия,1699,1145,67.4,851,509,59.8,-7.6
77,Приморский край,5568,3345,60.1,6379,3417,53.6,-6.5
78,Калининградская область,3201,1748,54.6,1791,872,48.7,-5.9
79,Амурская область,2792,828,29.7,3005,717,23.9,-5.8
80,Республика Саха (Якутия),3134,1981,63.2,3531,2082,59.0,-4.2
81,Республика Тыва,1082,804,74.3,929,675,72.7,-1.6
82,г. Севастополь,1030,618,60.0,784,460,58.7,-1.3
83,Республика Адыгея (Адыгея),1200,887,73.9,1343,1160,86.4,12.5
