year;centre;perv_q1;perv_q2;vtor_q1;vtor_q2;perv_mean;vtor_mean;gap_pct;src_perv;src_vtor
2021;Алтайский край;57767.78;59691.58;58067.56;59759.8;58729.68;58913.68;-0.3123;sred_cen_perv_4kv-2021.xlsx;sred_cen_vtor_4kv-2021.xlsx
2021;Амурская область;92052.68;100877.67;97002.4;102287.91;96465.17;99645.15;-3.1913;sred_cen_perv_4kv-2021.xlsx;sred_cen_vtor_4kv-2021.xlsx
2021;Архангельская область (кроме Ненецкого автономного округа);85445.24;87448.6;70414.37;71641.02;86446.92;71027.7;21.7088;sred_cen_perv_4kv-2021.xlsx;sred_cen_vtor_4kv-2021.xlsx
2021;Астраханская область;66947.95;68493.51;46738.17;48452.95;67720.73;47595.56;42.2837;sred_cen_perv_4kv-2021.xlsx;sred_cen_vtor_4kv-2021.xlsx
2021;Белгородская область;68938.83;72448.98;67876.57;71193.15;70693.9;69534.86;1.6669;sred_cen_perv_4kv-2021.xlsx;sred_cen_vtor_4kv-2021.xlsx
2021;Брянская область;45113.87;46626.23;38081.99;38399.99;45870.05;38240.99;19.95;sred_cen_perv_4kv-2021.xlsx;sred_cen_vtor_4kv-2021.xlsx
2021;Владимирская область;46161.53;48997.73;53290.81;61027.32;47579.63;57159.07;-16.7593;sred_cen_perv_4kv-2021.xlsx;sred_cen_vtor_4kv-2021.xlsx
2021;Волгоградская область;52897.71;53818.91;48455.83;50075.41;53358.31;49265.62;8.3074;sred_cen_perv_4kv-2021.xlsx;sred_cen_vtor_4kv-2021.xlsx
2021;Вологодская область;52422.42;53658.16;45741.99;46747.48;53040.29;46244.74;14.6948;sred_cen_perv_4kv-2021.xlsx;sred_cen_vtor_4kv-2021.xlsx
2021;Воронежская область;62860.55;64827.19;53988.88;52849.96;63843.87;53419.42;19.5143;sred_cen_perv_4kv-2021.xlsx;sred_cen_vtor_4kv-2021.xlsx
2021;Забайкальский край;80108.27;80369.55;74632.9;75098.7;80238.91;74865.8;7.177;sred_cen_perv_4kv-2021.xlsx;sred_cen_vtor_4kv-2021.xlsx
2021;Ивановская область;45216.21;48615.67;44044.0;45180.51;46915.94;44612.26;5.1638;sred_cen_perv_4kv-2021.xlsx;sred_cen_vtor_4kv-2021.xlsx
2021;Иркутская область;78295.79;97626.04;85171.39;89258.05;87960.91;87214.72;0.8556;sred_cen_perv_4kv-2021.xlsx;sred_cen_vtor_4kv-2021.xlsx
2021;Кабардино-Балкарская Республика;34551.56;34070.52;52989.22;58678.24;34311.04;55833.73;-38.5478;sred_cen_perv_4kv-2021.xlsx;sred_cen_vtor_4kv-2021.xlsx
2021;Калининградская область;65800.32;70308.53;66640.34;75171.85;68054.43;70906.1;-4.0218;sred_cen_perv_4kv-2021.xlsx;sred_cen_vtor_4kv-2021.xlsx
2021;Калужская область;53915.16;54182.98;55454.93;57209.45;54049.07;56332.19;-4.053;sred_cen_perv_4kv-2021.xlsx;sred_cen_vtor_4kv-2021.xlsx
2021;Камчатский край;71621.9;60851.7;78850.0;79153.81;66236.8;79001.9;-16.158;sred_cen_perv_4kv-2021.xlsx;sred_cen_vtor_4kv-2021.xlsx
2021;Карачаево-Черкесская Республика;41903.1;42828.41;48314.84;49582.27;42365.76;48948.55;-13.4484;sred_cen_perv_4kv-2021.xlsx;sred_cen_vtor_4kv-2021.xlsx
2021;Кемеровская область - Кузбасс;56572.02;58030.18;50573.34;55888.08;57301.1;53230.71;7.6467;sred_cen_perv_4kv-2021.xlsx;sred_cen_vtor_4kv-2021.xlsx
2021;Кировская область;52908.59;55544.2;47834.89;49482.9;54226.39;48658.9;11.4419;sred_cen_perv_4kv-2021.xlsx;sred_cen_vtor_4kv-2021.xlsx
2021;Костромская область;55783.82;56044.93;49710.46;51046.63;55914.38;50378.54;10.9885;sred_cen_perv_4kv-2021.xlsx;sred_cen_vtor_4kv-2021.xlsx
2021;Краснодарский край;62185.43;74093.19;58734.75;65165.75;68139.31;61950.25;9.9904;sred_cen_perv_4kv-2021.xlsx;sred_cen_vtor_4kv-2021.xlsx
2021;Красноярский край;69982.3;72852.46;69068.33;72571.81;71417.38;70820.07;0.8434;sred_cen_perv_4kv-2021.xlsx;sred_cen_vtor_4kv-2021.xlsx
2021;Курганская область;44537.48;44352.36;41576.26;41627.78;44444.92;41602.02;6.8336;sred_cen_perv_4kv-2021.xlsx;sred_cen_vtor_4kv-2021.xlsx
2021;Курская область;56618.03;58591.74;53184.52;55712.34;57604.88;54448.43;5.7971;sred_cen_perv_4kv-2021.xlsx;sred_cen_vtor_4kv-2021.xlsx
2021;Липецкая область;51243.09;54159.5;56687.43;56811.1;52701.29;56749.26;-7.1331;sred_cen_perv_4kv-2021.xlsx;sred_cen_vtor_4kv-2021.xlsx
2021;Магаданская область;95683.83;95683.83;57691.8;63629.53;95683.83;60660.67;57.7362;sred_cen_perv_4kv-2021.xlsx;sred_cen_vtor_4kv-2021.xlsx
2021;Нижегородская область;84423.27;87663.49;80165.06;84231.82;86043.38;82198.44;4.6776;sred_cen_perv_4kv-2021.xlsx;sred_cen_vtor_4kv-2021.xlsx
2021;Новгородская область;50962.86;51798.25;44149.08;44999.99;51380.56;44574.54;15.2689;sred_cen_perv_4kv-2021.xlsx;sred_cen_vtor_4kv-2021.xlsx
2021;Новосибирская область;70482.48;72081.48;65941.79;66724.25;71281.98;66333.02;7.4608;sred_cen_perv_4kv-2021.xlsx;sred_cen_vtor_4kv-2021.xlsx
2021;Омская область;56191.19;58190.24;53098.08;55691.26;57190.71;54394.67;5.1403;sred_cen_perv_4kv-2021.xlsx;sred_cen_vtor_4kv-2021.xlsx
2021;Оренбургская область;42215.05;42215.05;43622.28;43769.06;42215.05;43695.67;-3.3885;sred_cen_perv_4kv-2021.xlsx;sred_cen_vtor_4kv-2021.xlsx
2021;Орловская область;51601.05;59358.96;50587.26;56261.94;55480.01;53424.6;3.8473;sred_cen_perv_4kv-2021.xlsx;sred_cen_vtor_4kv-2021.xlsx
2021;Пензенская область;61768.27;63819.87;45659.28;46419.44;62794.07;46039.36;36.3921;sred_cen_perv_4kv-2021.xlsx;sred_cen_vtor_4kv-2021.xlsx
2021;Пермский край;67815.87;70556.84;67116.86;67750.48;69186.35;67433.67;2.5991;sred_cen_perv_4kv-2021.xlsx;sred_cen_vtor_4kv-2021.xlsx
2021;Приморский край;118991.09;122272.94;123315.84;125432.21;120632.01;124374.02;-3.0087;sred_cen_perv_4kv-2021.xlsx;sred_cen_vtor_4kv-2021.xlsx
2021;Псковская область;45827.35;46188.76;45747.97;45935.85;46008.06;45841.91;0.3624;sred_cen_perv_4kv-2021.xlsx;sred_cen_vtor_4kv-2021.xlsx
2021;Республика Адыгея (Адыгея);39707.84;40496.12;53949.93;54242.94;40101.98;54096.43;-25.8695;sred_cen_perv_4kv-2021.xlsx;sred_cen_vtor_4kv-2021.xlsx
2021;Республика Башкортостан;77858.93;80030.84;74111.29;75819.15;78944.88;74965.22;5.3087;sred_cen_perv_4kv-2021.xlsx;sred_cen_vtor_4kv-2021.xlsx
2021;Республика Бурятия;62764.01;68806.66;67126.93;70970.24;65785.34;69048.58;-4.726;sred_cen_perv_4kv-2021.xlsx;sred_cen_vtor_4kv-2021.xlsx
2021;Республика Дагестан;32178.75;33232.36;50997.86;53949.78;32705.56;52473.82;-37.6726;sred_cen_perv_4kv-2021.xlsx;sred_cen_vtor_4kv-2021.xlsx
2021;Республика Ингушетия;40197.48;42328.42;33589.68;36934.93;41262.95;35262.31;17.0172;sred_cen_perv_4kv-2021.xlsx;sred_cen_vtor_4kv-2021.xlsx
2021;Республика Калмыкия;38663.25;41438.47;43686.38;43939.25;40050.86;43812.82;-8.5864;sred_cen_perv_4kv-2021.xlsx;sred_cen_vtor_4kv-2021.xlsx
2021;Республика Карелия;57565.46;57559.15;58008.65;60381.33;57562.31;59194.99;-2.7581;sred_cen_perv_4kv-2021.xlsx;sred_cen_vtor_4kv-2021.xlsx
2021;Республика Коми;56793.6;60112.0;56515.85;56527.53;58452.8;56521.69;3.4166;sred_cen_perv_4kv-2021.xlsx;sred_cen_vtor_4kv-2021.xlsx
2021;Республика Крым;74252.5;81016.08;70649.23;73396.68;77634.29;72022.95;7.791;sred_cen_perv_4kv-2021.xlsx;sred_cen_vtor_4kv-2021.xlsx
2021;Республика Марий Эл;47301.44;49881.2;42246.7;43585.41;48591.32;42916.06;13.2241;sred_cen_perv_4kv-2021.xlsx;sred_cen_vtor_4kv-2021.xlsx
2021;Республика Мордовия;45498.8;46206.03;44469.64;45748.35;45852.42;45108.99;1.6481;sred_cen_perv_4kv-2021.xlsx;sred_cen_vtor_4kv-2021.xlsx
2021;Республика Саха (Якутия);101099.2;103200.66;81557.83;81618.7;102149.93;81588.26;25.2017;sred_cen_perv_4kv-2021.xlsx;sred_cen_vtor_4kv-2021.xlsx
2021;Республика Татарстан (Татарстан);99632.03;107239.98;93336.17;97645.88;103436.01;95491.02;8.3201;sred_cen_perv_4kv-2021.xlsx;sred_cen_vtor_4kv-2021.xlsx
2021;Республика Хакасия;56719.7;58134.3;52489.81;52310.89;57427.0;52400.35;9.5928;sred_cen_perv_4kv-2021.xlsx;sred_cen_vtor_4kv-2021.xlsx
2021;Ростовская область;60485.62;63763.85;62163.97;63908.19;62124.74;63036.08;-1.4458;sred_cen_perv_4kv-2021.xlsx;sred_cen_vtor_4kv-2021.xlsx
2021;Рязанская область;57877.66;61461.82;52619.04;53079.31;59669.74;52849.18;12.9057;sred_cen_perv_4kv-2021.xlsx;sred_cen_vtor_4kv-2021.xlsx
2021;Самарская область;60702.06;61008.44;61317.72;62346.37;60855.25;61832.04;-1.5798;sred_cen_perv_4kv-2021.xlsx;sred_cen_vtor_4kv-2021.xlsx
2021;Саратовская область;46538.32;48560.03;48132.91;48731.96;47549.18;48432.43;-1.8237;sred_cen_perv_4kv-2021.xlsx;sred_cen_vtor_4kv-2021.xlsx
2021;Сахалинская область;122628.78;123872.11;137387.33;133768.3;123250.45;135577.82;-9.0925;sred_cen_perv_4kv-2021.xlsx;sred_cen_vtor_4kv-2021.xlsx
2021;Свердловская область;82683.17;85749.06;73293.0;77443.7;84216.11;75368.35;11.7394;sred_cen_perv_4kv-2021.xlsx;sred_cen_vtor_4kv-2021.xlsx
2021;Смоленская область;52635.38;54583.08;45362.38;39223.4;53609.23;42292.89;26.7571;sred_cen_perv_4kv-2021.xlsx;sred_cen_vtor_4kv-2021.xlsx
2021;Ставропольский край;47262.56;47274.4;54049.61;52542.82;47268.48;53296.21;-11.3099;sred_cen_perv_4kv-2021.xlsx;sred_cen_vtor_4kv-2021.xlsx
2021;Тамбовская область;44806.26;46118.03;44759.63;44468.18;45462.15;44613.9;1.9013;sred_cen_perv_4kv-2021.xlsx;sred_cen_vtor_4kv-2021.xlsx
2021;Тверская область;54407.19;56589.1;60220.4;64106.77;55498.15;62163.58;-10.7224;sred_cen_perv_4kv-2021.xlsx;sred_cen_vtor_4kv-2021.xlsx
2021;Томская область;71714.95;77442.94;67540.51;72732.44;74578.95;70136.48;6.334;sred_cen_perv_4kv-2021.xlsx;sred_cen_vtor_4kv-2021.xlsx
2021;Тульская область;70473.09;72082.51;76799.61;78677.33;71277.8;77738.47;-8.3108;sred_cen_perv_4kv-2021.xlsx;sred_cen_vtor_4kv-2021.xlsx
2021;Тюменская область (кроме Ханты-Мансийского автономного округа-Югры и Ямало-Ненецкого автономного округа);70332.2;73912.64;64592.73;65652.69;72122.42;65122.71;10.7485;sred_cen_perv_4kv-2021.xlsx;sred_cen_vtor_4kv-2021.xlsx
2021;Удмуртская Республика;62060.77;63588.56;55266.67;56907.24;62824.66;56086.96;12.013;sred_cen_perv_4kv-2021.xlsx;sred_cen_vtor_4kv-2021.xlsx
2021;Ульяновская область;54443.36;56915.46;48713.5;49612.8;55679.41;49163.15;13.2544;sred_cen_perv_4kv-2021.xlsx;sred_cen_vtor_4kv-2021.xlsx
2021;Хабаровский край;100707.57;105703.06;88457.07;89062.78;103205.32;88759.93;16.2747;sred_cen_perv_4kv-2021.xlsx;sred_cen_vtor_4kv-2021.xlsx
2021;Ханты-Мансийский автономный округ - Югра (Тюменская область);81569.49;81754.85;92644.38;92645.72;81662.17;92645.05;-11.8548;sred_cen_perv_4kv-2021.xlsx;sred_cen_vtor_4kv-2021.xlsx
2021;Челябинская область;51066.91;52713.97;39085.13;40163.08;51890.44;39624.1;30.9567;sred_cen_perv_4kv-2021.xlsx;sred_cen_vtor_4kv-2021.xlsx
2021;Чеченская Республика;50021.55;51529.12;51836.54;53655.61;50775.34;52746.07;-3.7363;sred_cen_perv_4kv-2021.xlsx;sred_cen_vtor_4kv-2021.xlsx
2021;Чувашская Республика - Чувашия;55610.63;59009.49;47722.63;50293.12;57310.06;49007.88;16.9405;sred_cen_perv_4kv-2021.xlsx;sred_cen_vtor_4kv-2021.xlsx
2021;Ярославская область;56867.88;57832.32;69991.82;71535.43;57350.1;70763.62;-18.9554;sred_cen_perv_4kv-2021.xlsx;sred_cen_vtor_4kv-2021.xlsx
2022;Алтайский край;79626.0;85726.0;79608.0;83047.0;82676.0;81327.5;1.6581;sred_cen_perv_4kv-2022.xlsx;sred_cen_vtor_4kv-2022.xlsx
2022;Амурская область;115972.0;127146.0;115621.0;117356.0;121559.0;116488.5;4.3528;sred_cen_perv_4kv-2022.xlsx;sred_cen_vtor_4kv-2022.xlsx
2022;Архангельская область (кроме Ненецкого автономного округа);109637.0;113120.0;85657.0;86682.0;111378.5;86169.5;29.2551;sred_cen_perv_4kv-2022.xlsx;sred_cen_vtor_4kv-2022.xlsx
2022;Астраханская область;91587.0;98768.0;57577.0;62168.0;95177.5;59872.5;58.967;sred_cen_perv_4kv-2022.xlsx;sred_cen_vtor_4kv-2022.xlsx
2022;Белгородская область;99135.0;99960.0;90721.0;90210.0;99547.5;90465.5;10.0392;sred_cen_perv_4kv-2022.xlsx;sred_cen_vtor_4kv-2022.xlsx
2022;Брянская область;69822.0;70867.0;57420.0;57534.0;70344.5;57477.0;22.3872;sred_cen_perv_4kv-2022.xlsx;sred_cen_vtor_4kv-2022.xlsx
2022;Владимирская область;65498.0;68930.0;77803.0;79118.0;67214.0;78460.5;-14.334;sred_cen_perv_4kv-2022.xlsx;sred_cen_vtor_4kv-2022.xlsx
2022;Волгоградская область;69863.0;76252.0;63332.0;65470.0;73057.5;64401.0;13.4416;sred_cen_perv_4kv-2022.xlsx;sred_cen_vtor_4kv-2022.xlsx
2022;Вологодская область;65152.0;69148.0;58359.0;60056.0;67150.0;59207.5;13.4147;sred_cen_perv_4kv-2022.xlsx;sred_cen_vtor_4kv-2022.xlsx
2022;Воронежская область;76654.0;82514.0;69154.0;73083.0;79584.0;71118.5;11.9034;sred_cen_perv_4kv-2022.xlsx;sred_cen_vtor_4kv-2022.xlsx
2022;Забайкальский край;94131.0;120734.0;89311.0;90136.0;107432.5;89723.5;19.7373;sred_cen_perv_4kv-2022.xlsx;sred_cen_vtor_4kv-2022.xlsx
2022;Ивановская область;62608.0;64527.0;60964.0;60955.0;63567.5;60959.5;4.2783;sred_cen_perv_4kv-2022.xlsx;sred_cen_vtor_4kv-2022.xlsx
2022;Иркутская область;103616.0;107972.0;94908.0;96543.0;105794.0;95725.5;10.5181;sred_cen_perv_4kv-2022.xlsx;sred_cen_vtor_4kv-2022.xlsx
2022;Кабардино-Балкарская Республика;39251.0;32108.0;66902.0;73204.0;35679.5;70053.0;-49.0678;sred_cen_perv_4kv-2022.xlsx;sred_cen_vtor_4kv-2022.xlsx
2022;Калининградская область;81336.0;89449.0;103429.0;121938.0;85392.5;112683.5;-24.2192;sred_cen_perv_4kv-2022.xlsx;sred_cen_vtor_4kv-2022.xlsx
2022;Калужская область;62436.0;79183.0;74768.0;77979.0;70809.5;76373.5;-7.2852;sred_cen_perv_4kv-2022.xlsx;sred_cen_vtor_4kv-2022.xlsx
2022;Камчатский край;107824.0;107824.0;125191.0;119023.0;107824.0;122107.0;-11.6971;sred_cen_perv_4kv-2022.xlsx;sred_cen_vtor_4kv-2022.xlsx
2022;Карачаево-Черкесская Республика;48596.0;48596.0;64716.0;63873.0;48596.0;64294.5;-24.4166;sred_cen_perv_4kv-2022.xlsx;sred_cen_vtor_4kv-2022.xlsx
2022;Кемеровская область - Кузбасс;86624.0;90470.0;81652.0;82287.0;88547.0;81969.5;8.0243;sred_cen_perv_4kv-2022.xlsx;sred_cen_vtor_4kv-2022.xlsx
2022;Кировская область;72095.0;79586.0;63560.0;63610.0;75840.5;63585.0;19.2742;sred_cen_perv_4kv-2022.xlsx;sred_cen_vtor_4kv-2022.xlsx
2022;Костромская область;67985.0;71669.0;62891.0;66821.0;69827.0;64856.0;7.6647;sred_cen_perv_4kv-2022.xlsx;sred_cen_vtor_4kv-2022.xlsx
2022;Краснодарский край;110491.0;111109.0;105022.0;101519.0;110800.0;103270.5;7.291;sred_cen_perv_4kv-2022.xlsx;sred_cen_vtor_4kv-2022.xlsx
2022;Красноярский край;91322.0;95552.0;82030.0;83079.0;93437.0;82554.5;13.1822;sred_cen_perv_4kv-2022.xlsx;sred_cen_vtor_4kv-2022.xlsx
2022;Курганская область;55564.0;58233.0;48921.0;52860.0;56898.5;50890.5;11.8057;sred_cen_perv_4kv-2022.xlsx;sred_cen_vtor_4kv-2022.xlsx
2022;Курская область;72531.0;75727.0;68509.0;69112.0;74129.0;68810.5;7.7292;sred_cen_perv_4kv-2022.xlsx;sred_cen_vtor_4kv-2022.xlsx
2022;Липецкая область;74651.0;77206.0;70274.0;73069.0;75928.5;71671.5;5.9396;sred_cen_perv_4kv-2022.xlsx;sred_cen_vtor_4kv-2022.xlsx
2022;Магаданская область;144053.0;147459.0;79952.0;84347.0;145756.0;82149.5;77.4277;sred_cen_perv_4kv-2022.xlsx;sred_cen_vtor_4kv-2022.xlsx
2022;Ненецкий автономный округ (Архангельская область);77110.0;77598.0;75490.0;79433.0;77354.0;77461.5;-0.1388;sred_cen_perv_4kv-2022.xlsx;sred_cen_vtor_4kv-2022.xlsx
2022;Нижегородская область;104695.0;117370.0;99378.0;101675.0;111032.5;100526.5;10.451;sred_cen_perv_4kv-2022.xlsx;sred_cen_vtor_4kv-2022.xlsx
2022;Новгородская область;60061.0;61805.0;56361.0;55304.0;60933.0;55832.5;9.1354;sred_cen_perv_4kv-2022.xlsx;sred_cen_vtor_4kv-2022.xlsx
2022;Новосибирская область;101148.0;107117.0;87332.0;89777.0;104132.5;88554.5;17.5914;sred_cen_perv_4kv-2022.xlsx;sred_cen_vtor_4kv-2022.xlsx
2022;Омская область;75522.0;80382.0;70632.0;72923.0;77952.0;71777.5;8.6023;sred_cen_perv_4kv-2022.xlsx;sred_cen_vtor_4kv-2022.xlsx
2022;Оренбургская область;56809.0;58307.0;46682.0;48657.0;57558.0;47669.5;20.7439;sred_cen_perv_4kv-2022.xlsx;sred_cen_vtor_4kv-2022.xlsx
2022;Орловская область;68422.0;74760.0;74594.0;74464.0;71591.0;74529.0;-3.9421;sred_cen_perv_4kv-2022.xlsx;sred_cen_vtor_4kv-2022.xlsx
2022;Пензенская область;78387.0;86552.0;56720.0;58430.0;82469.5;57575.0;43.2384;sred_cen_perv_4kv-2022.xlsx;sred_cen_vtor_4kv-2022.xlsx
2022;Пермский край;88491.0;96082.0;83444.0;86735.0;92286.5;85089.5;8.4582;sred_cen_perv_4kv-2022.xlsx;sred_cen_vtor_4kv-2022.xlsx
2022;Приморский край;144094.0;151612.0;137959.0;138700.0;147853.0;138329.5;6.8846;sred_cen_perv_4kv-2022.xlsx;sred_cen_vtor_4kv-2022.xlsx
2022;Псковская область;58030.0;58030.0;59146.0;58723.0;58030.0;58934.5;-1.5348;sred_cen_perv_4kv-2022.xlsx;sred_cen_vtor_4kv-2022.xlsx
2022;Республика Адыгея (Адыгея);67864.0;68498.0;88710.0;88288.0;68181.0;88499.0;-22.9585;sred_cen_perv_4kv-2022.xlsx;sred_cen_vtor_4kv-2022.xlsx
2022;Республика Алтай;106982.0;115828.0;90716.0;99941.0;111405.0;95328.5;16.8643;sred_cen_perv_4kv-2022.xlsx;sred_cen_vtor_4kv-2022.xlsx
2022;Республика Башкортостан;96286.0;109628.0;89460.0;93295.0;102957.0;91377.5;12.6722;sred_cen_perv_4kv-2022.xlsx;sred_cen_vtor_4kv-2022.xlsx
2022;Республика Бурятия;78006.0;79623.0;80971.0;81951.0;78814.5;81461.0;-3.2488;sred_cen_perv_4kv-2022.xlsx;sred_cen_vtor_4kv-2022.xlsx
2022;Республика Дагестан;38598.0;38799.0;64759.0;66110.0;38698.5;65434.5;-40.8592;sred_cen_perv_4kv-2022.xlsx;sred_cen_vtor_4kv-2022.xlsx
2022;Республика Ингушетия;47736.0;47349.0;45896.0;46363.0;47542.5;46129.5;3.0631;sred_cen_perv_4kv-2022.xlsx;sred_cen_vtor_4kv-2022.xlsx
2022;Республика Калмыкия;50154.0;50356.0;54392.0;54355.0;50255.0;54373.5;-7.5745;sred_cen_perv_4kv-2022.xlsx;sred_cen_vtor_4kv-2022.xlsx
2022;Республика Карелия;89093.0;98923.0;77678.0;77906.0;94008.0;77792.0;20.8453;sred_cen_perv_4kv-2022.xlsx;sred_cen_vtor_4kv-2022.xlsx
2022;Республика Коми;77673.0;83075.0;77015.0;79503.0;80374.0;78259.0;2.7026;sred_cen_perv_4kv-2022.xlsx;sred_cen_vtor_4kv-2022.xlsx
2022;Республика Крым;99918.0;108116.0;88433.0;90672.0;104017.0;89552.5;16.152;sred_cen_perv_4kv-2022.xlsx;sred_cen_vtor_4kv-2022.xlsx
2022;Республика Марий Эл;58583.0;59328.0;56828.0;59138.0;58955.5;57983.0;1.6772;sred_cen_perv_4kv-2022.xlsx;sred_cen_vtor_4kv-2022.xlsx
2022;Республика Мордовия;61196.0;66454.0;64665.0;63848.0;63825.0;64256.5;-0.6715;sred_cen_perv_4kv-2022.xlsx;sred_cen_vtor_4kv-2022.xlsx
2022;Республика Саха (Якутия);117507.0;123392.0;106678.0;106743.0;120449.5;106710.5;12.875;sred_cen_perv_4kv-2022.xlsx;sred_cen_vtor_4kv-2022.xlsx
2022;Республика Татарстан (Татарстан);133103.0;140053.0;119155.0;124472.0;136578.0;121813.5;12.1206;sred_cen_perv_4kv-2022.xlsx;sred_cen_vtor_4kv-2022.xlsx
2022;Республика Тыва;107166.0;107131.0;100203.0;99936.0;107148.5;100069.5;7.0741;sred_cen_perv_4kv-2022.xlsx;sred_cen_vtor_4kv-2022.xlsx
2022;Республика Хакасия;78510.0;81473.0;69144.0;69045.0;79991.5;69094.5;15.7712;sred_cen_perv_4kv-2022.xlsx;sred_cen_vtor_4kv-2022.xlsx
2022;Ростовская область;85083.0;98288.0;74637.0;80040.0;91685.5;77338.5;18.5509;sred_cen_perv_4kv-2022.xlsx;sred_cen_vtor_4kv-2022.xlsx
2022;Рязанская область;75585.0;87627.0;68383.0;71324.0;81606.0;69853.5;16.8245;sred_cen_perv_4kv-2022.xlsx;sred_cen_vtor_4kv-2022.xlsx
2022;Самарская область;99174.0;108758.0;82883.0;84058.0;103966.0;83470.5;24.5542;sred_cen_perv_4kv-2022.xlsx;sred_cen_vtor_4kv-2022.xlsx
2022;Саратовская область;65254.0;67867.0;67131.0;69033.0;66560.5;68082.0;-2.2348;sred_cen_perv_4kv-2022.xlsx;sred_cen_vtor_4kv-2022.xlsx
2022;Сахалинская область;150513.0;139719.0;150423.0;155423.0;145116.0;152923.0;-5.1052;sred_cen_perv_4kv-2022.xlsx;sred_cen_vtor_4kv-2022.xlsx
2022;Свердловская область;103321.0;110595.0;90726.0;94866.0;106958.0;92796.0;15.2614;sred_cen_perv_4kv-2022.xlsx;sred_cen_vtor_4kv-2022.xlsx
2022;Смоленская область;61737.0;65677.0;48570.0;48635.0;63707.0;48602.5;31.0776;sred_cen_perv_4kv-2022.xlsx;sred_cen_vtor_4kv-2022.xlsx
2022;Ставропольский край;55600.0;62921.0;63035.0;62564.0;59260.5;62799.5;-5.6354;sred_cen_perv_4kv-2022.xlsx;sred_cen_vtor_4kv-2022.xlsx
2022;Тамбовская область;63538.0;68089.0;73242.0;76355.0;65813.5;74798.5;-12.0123;sred_cen_perv_4kv-2022.xlsx;sred_cen_vtor_4kv-2022.xlsx
2022;Тверская область;78012.0;80190.0;88517.0;88779.0;79101.0;88648.0;-10.7696;sred_cen_perv_4kv-2022.xlsx;sred_cen_vtor_4kv-2022.xlsx
2022;Томская область;88825.0;98039.0;87770.0;89990.0;93432.0;88880.0;5.1215;sred_cen_perv_4kv-2022.xlsx;sred_cen_vtor_4kv-2022.xlsx
2022;Тульская область;84172.0;89298.0;85799.0;85591.0;86735.0;85695.0;1.2136;sred_cen_perv_4kv-2022.xlsx;sred_cen_vtor_4kv-2022.xlsx
2022;Тюменская область (кроме Ханты-Мансийского автономного округа-Югры и Ямало-Ненецкого автономного округа);91797.0;97141.0;87022.0;83959.0;94469.0;85490.5;10.5023;sred_cen_perv_4kv-2022.xlsx;sred_cen_vtor_4kv-2022.xlsx
2022;Удмуртская Республика;72960.0;75158.0;63678.0;64592.0;74059.0;64135.0;15.4736;sred_cen_perv_4kv-2022.xlsx;sred_cen_vtor_4kv-2022.xlsx
2022;Ульяновская область;69345.0;77509.0;56300.0;59684.0;73427.0;57992.0;26.6157;sred_cen_perv_4kv-2022.xlsx;sred_cen_vtor_4kv-2022.xlsx
2022;Хабаровский край;105123.0;108773.0;104148.0;98950.0;106948.0;101549.0;5.3166;sred_cen_perv_4kv-2022.xlsx;sred_cen_vtor_4kv-2022.xlsx
2022;Ханты-Мансийский автономный округ - Югра (Тюменская область);93341.0;101553.0;108280.0;108327.0;97447.0;108303.5;-10.0241;sred_cen_perv_4kv-2022.xlsx;sred_cen_vtor_4kv-2022.xlsx
2022;Челябинская область;64804.0;73892.0;67021.0;72772.0;69348.0;69896.5;-0.7847;sred_cen_perv_4kv-2022.xlsx;sred_cen_vtor_4kv-2022.xlsx
2022;Чеченская Республика;55343.0;54956.0;61543.0;62035.0;55149.5;61789.0;-10.7454;sred_cen_perv_4kv-2022.xlsx;sred_cen_vtor_4kv-2022.xlsx
2022;Чувашская Республика - Чувашия;74490.0;76444.0;68773.0;67970.0;75467.0;68371.5;10.3779;sred_cen_perv_4kv-2022.xlsx;sred_cen_vtor_4kv-2022.xlsx
2022;Ярославская область;75993.0;82403.0;65855.0;68734.0;79198.0;67294.5;17.6887;sred_cen_perv_4kv-2022.xlsx;sred_cen_vtor_4kv-2022.xlsx
2023;Алтайский край;93753.95;97742.23;91360.79;93932.31;95748.09;92646.55;3.3477;sred_cen_perv_4kv-2023.xlsx;sred_cen_vtor_4kv-2023.xlsx
2023;Амурская область;136489.31;138717.24;119962.52;125000.04;137603.27;122481.28;12.3464;sred_cen_perv_4kv-2023.xlsx;sred_cen_vtor_4kv-2023.xlsx
2023;Архангельская область (кроме Ненецкого автономного округа);116440.22;123420.07;94932.51;96240.01;119930.15;95586.26;25.468;sred_cen_perv_4kv-2023.xlsx;sred_cen_vtor_4kv-2023.xlsx
2023;Астраханская область;104924.88;106854.95;66099.17;67295.83;105889.92;66697.5;58.7614;sred_cen_perv_4kv-2023.xlsx;sred_cen_vtor_4kv-2023.xlsx
2023;Белгородская область;102065.22;102284.29;83048.63;82827.45;102174.76;82938.04;23.1941;sred_cen_perv_4kv-2023.xlsx;sred_cen_vtor_4kv-2023.xlsx
2023;Брянская область;80817.12;80716.28;67324.62;67503.93;80766.7;67414.27;19.8065;sred_cen_perv_4kv-2023.xlsx;sred_cen_vtor_4kv-2023.xlsx
2023;Владимирская область;75311.94;75750.42;89693.11;89921.61;75531.18;89807.36;-15.8964;sred_cen_perv_4kv-2023.xlsx;sred_cen_vtor_4kv-2023.xlsx
2023;Волгоградская область;81215.81;83431.53;72526.62;74082.9;82323.67;73304.76;12.3033;sred_cen_perv_4kv-2023.xlsx;sred_cen_vtor_4kv-2023.xlsx
2023;Вологодская область;77648.48;77975.08;71532.21;68471.39;77811.78;70001.8;11.1568;sred_cen_perv_4kv-2023.xlsx;sred_cen_vtor_4kv-2023.xlsx
2023;Воронежская область;89812.74;92382.41;76144.56;73870.91;91097.58;75007.74;21.4509;sred_cen_perv_4kv-2023.xlsx;sred_cen_vtor_4kv-2023.xlsx
2023;Еврейская автономная область;74868.55;80725.25;70262.21;70921.28;77796.9;70591.74;10.2068;sred_cen_perv_4kv-2023.xlsx;sred_cen_vtor_4kv-2023.xlsx
2023;Забайкальский край;134560.04;132715.23;100293.19;100708.97;133637.64;100501.08;32.9713;sred_cen_perv_4kv-2023.xlsx;sred_cen_vtor_4kv-2023.xlsx
2023;Ивановская область;70077.82;72310.48;71668.92;74136.84;71194.15;72902.88;-2.3438;sred_cen_perv_4kv-2023.xlsx;sred_cen_vtor_4kv-2023.xlsx
2023;Иркутская область;118042.33;120930.96;99265.21;101080.41;119486.65;100172.81;19.2805;sred_cen_perv_4kv-2023.xlsx;sred_cen_vtor_4kv-2023.xlsx
2023;Кабардино-Балкарская Республика;31059.63;32297.99;65960.5;68858.63;31678.81;67409.57;-53.0055;sred_cen_perv_4kv-2023.xlsx;sred_cen_vtor_4kv-2023.xlsx
2023;Калининградская область;90339.83;89150.79;103097.94;102909.86;89745.31;103003.9;-12.8719;sred_cen_perv_4kv-2023.xlsx;sred_cen_vtor_4kv-2023.xlsx
2023;Калужская область;89180.58;89354.79;85296.89;85777.96;89267.68;85537.43;4.361;sred_cen_perv_4kv-2023.xlsx;sred_cen_vtor_4kv-2023.xlsx
2023;Карачаево-Черкесская Республика;32550.23;32620.59;78477.16;80361.47;32585.41;79419.32;-58.9704;sred_cen_perv_4kv-2023.xlsx;sred_cen_vtor_4kv-2023.xlsx
2023;Кемеровская область - Кузбасс;97729.28;98285.51;86371.27;89302.17;98007.39;87836.72;11.5791;sred_cen_perv_4kv-2023.xlsx;sred_cen_vtor_4kv-2023.xlsx
2023;Кировская область;88702.49;90866.38;72110.95;73495.94;89784.43;72803.45;23.3244;sred_cen_perv_4kv-2023.xlsx;sred_cen_vtor_4kv-2023.xlsx
2023;Костромская область;76598.68;78618.15;66532.39;71139.67;77608.41;68836.03;12.7439;sred_cen_perv_4kv-2023.xlsx;sred_cen_vtor_4kv-2023.xlsx
2023;Краснодарский край;125438.07;124446.55;115787.17;117934.9;124942.31;116861.04;6.9153;sred_cen_perv_4kv-2023.xlsx;sred_cen_vtor_4kv-2023.xlsx
2023;Красноярский край;101054.66;103913.09;90640.39;90651.23;102483.88;90645.81;13.0597;sred_cen_perv_4kv-2023.xlsx;sred_cen_vtor_4kv-2023.xlsx
2023;Курганская область;60275.02;63206.23;52636.24;59513.56;61740.62;56074.9;10.1039;sred_cen_perv_4kv-2023.xlsx;sred_cen_vtor_4kv-2023.xlsx
2023;Курская область;76971.61;76464.87;68939.22;72786.76;76718.24;70862.99;8.2628;sred_cen_perv_4kv-2023.xlsx;sred_cen_vtor_4kv-2023.xlsx
2023;Липецкая область;81959.1;82394.63;83658.2;86787.53;82176.87;85222.86;-3.5742;sred_cen_perv_4kv-2023.xlsx;sred_cen_vtor_4kv-2023.xlsx
2023;Магаданская область;147689.67;148266.47;98656.49;105245.76;147978.07;101951.12;45.1461;sred_cen_perv_4kv-2023.xlsx;sred_cen_vtor_4kv-2023.xlsx
2023;Ненецкий автономный округ (Архангельская область);78442.38;78442.38;88573.21;94239.73;78442.38;91406.47;-14.1829;sred_cen_perv_4kv-2023.xlsx;sred_cen_vtor_4kv-2023.xlsx
2023;Нижегородская область;127556.4;129016.94;108735.17;111658.48;128286.67;110196.82;16.4159;sred_cen_perv_4kv-2023.xlsx;sred_cen_vtor_4kv-2023.xlsx
2023;Новгородская область;72993.33;75927.94;65689.97;66910.42;74460.64;66300.2;12.3083;sred_cen_perv_4kv-2023.xlsx;sred_cen_vtor_4kv-2023.xlsx
2023;Новосибирская область;120169.79;119741.9;111885.89;108929.55;119955.85;110407.72;8.6481;sred_cen_perv_4kv-2023.xlsx;sred_cen_vtor_4kv-2023.xlsx
2023;Омская область;95589.0;96152.53;83210.11;86248.46;95870.76;84729.29;13.1495;sred_cen_perv_4kv-2023.xlsx;sred_cen_vtor_4kv-2023.xlsx
2023;Оренбургская область;63524.19;64339.52;63474.85;63940.44;63931.85;63707.65;0.3519;sred_cen_perv_4kv-2023.xlsx;sred_cen_vtor_4kv-2023.xlsx
2023;Орловская область;79904.43;80679.88;66928.05;66793.08;80292.15;66860.57;20.089;sred_cen_perv_4kv-2023.xlsx;sred_cen_vtor_4kv-2023.xlsx
2023;Пензенская область;89266.32;90404.84;56313.53;62882.24;89835.58;59597.88;50.7362;sred_cen_perv_4kv-2023.xlsx;sred_cen_vtor_4kv-2023.xlsx
2023;Пермский край;106289.6;108575.53;91435.95;96110.91;107432.57;93773.43;14.5661;sred_cen_perv_4kv-2023.xlsx;sred_cen_vtor_4kv-2023.xlsx
2023;Приморский край;152703.56;152595.72;149057.14;148105.86;152649.64;148581.5;2.738;sred_cen_perv_4kv-2023.xlsx;sred_cen_vtor_4kv-2023.xlsx
2023;Псковская область;65474.94;65896.61;72495.0;73427.35;65685.77;72961.18;-9.9716;sred_cen_perv_4kv-2023.xlsx;sred_cen_vtor_4kv-2023.xlsx
2023;Республика Адыгея (Адыгея);95727.45;97265.47;79500.97;81087.37;96496.46;80294.17;20.1787;sred_cen_perv_4kv-2023.xlsx;sred_cen_vtor_4kv-2023.xlsx
2023;Республика Алтай;100033.39;109610.59;110185.53;114329.2;104821.99;112257.36;-6.6235;sred_cen_perv_4kv-2023.xlsx;sred_cen_vtor_4kv-2023.xlsx
2023;Республика Башкортостан;117000.0;118344.12;99198.96;101810.68;117672.06;100504.82;17.081;sred_cen_perv_4kv-2023.xlsx;sred_cen_vtor_4kv-2023.xlsx
2023;Республика Бурятия;86658.38;86833.94;87716.92;89691.12;86746.16;88704.02;-2.2072;sred_cen_perv_4kv-2023.xlsx;sred_cen_vtor_4kv-2023.xlsx
2023;Республика Дагестан;67345.62;67718.27;75793.09;77567.27;67531.95;76680.18;-11.9304;sred_cen_perv_4kv-2023.xlsx;sred_cen_vtor_4kv-2023.xlsx
2023;Республика Ингушетия;47312.22;47626.6;46068.33;46785.8;47469.41;46427.07;2.2451;sred_cen_perv_4kv-2023.xlsx;sred_cen_vtor_4kv-2023.xlsx
2023;Республика Калмыкия;58203.46;59545.71;62848.19;65049.61;58874.58;63948.9;-7.935;sred_cen_perv_4kv-2023.xlsx;sred_cen_vtor_4kv-2023.xlsx
2023;Республика Карелия;113925.78;118041.2;85822.94;88347.41;115983.49;87085.18;33.184;sred_cen_perv_4kv-2023.xlsx;sred_cen_vtor_4kv-2023.xlsx
2023;Республика Коми;84370.33;85763.67;87292.91;89008.78;85067.0;88150.85;-3.4984;sred_cen_perv_4kv-2023.xlsx;sred_cen_vtor_4kv-2023.xlsx
2023;Республика Крым;110605.01;113193.83;114063.79;114063.79;111899.42;114063.79;-1.8975;sred_cen_perv_4kv-2023.xlsx;sred_cen_vtor_4kv-2023.xlsx
2023;Республика Марий Эл;66802.03;67908.18;66159.37;66654.16;67355.1;66406.76;1.4281;sred_cen_perv_4kv-2023.xlsx;sred_cen_vtor_4kv-2023.xlsx
2023;Республика Мордовия;70917.03;73247.48;69147.17;70076.44;72082.26;69611.8;3.5489;sred_cen_perv_4kv-2023.xlsx;sred_cen_vtor_4kv-2023.xlsx
2023;Республика Саха (Якутия);135005.14;136414.31;121825.2;123113.81;135709.73;122469.51;10.811;sred_cen_perv_4kv-2023.xlsx;sred_cen_vtor_4kv-2023.xlsx
2023;Республика Татарстан (Татарстан);162089.51;166845.36;137718.88;133013.93;164467.43;135366.4;21.498;sred_cen_perv_4kv-2023.xlsx;sred_cen_vtor_4kv-2023.xlsx
2023;Республика Тыва;111273.86;116541.01;115349.74;117965.61;113907.43;116657.68;-2.3575;sred_cen_perv_4kv-2023.xlsx;sred_cen_vtor_4kv-2023.xlsx
2023;Республика Хакасия;85202.75;86245.12;79047.88;79591.05;85723.93;79319.46;8.0743;sred_cen_perv_4kv-2023.xlsx;sred_cen_vtor_4kv-2023.xlsx
2023;Ростовская область;103462.82;105518.02;92281.58;94598.8;104490.42;93440.19;11.826;sred_cen_perv_4kv-2023.xlsx;sred_cen_vtor_4kv-2023.xlsx
2023;Рязанская область;92845.9;94116.02;75104.79;76986.15;93480.96;76045.47;22.9277;sred_cen_perv_4kv-2023.xlsx;sred_cen_vtor_4kv-2023.xlsx
2023;Самарская область;109274.7;109199.04;91238.97;91568.19;109236.87;91403.58;19.5105;sred_cen_perv_4kv-2023.xlsx;sred_cen_vtor_4kv-2023.xlsx
2023;Саратовская область;78053.42;77983.87;74541.11;76686.37;78018.64;75613.74;3.1805;sred_cen_perv_4kv-2023.xlsx;sred_cen_vtor_4kv-2023.xlsx
2023;Сахалинская область;165442.43;169896.06;153967.16;151825.39;167669.24;152896.28;9.6621;sred_cen_perv_4kv-2023.xlsx;sred_cen_vtor_4kv-2023.xlsx
2023;Свердловская область;117921.38;119324.15;94282.01;96757.5;118622.76;95519.76;24.1866;sred_cen_perv_4kv-2023.xlsx;sred_cen_vtor_4kv-2023.xlsx
2023;Смоленская область;68431.46;70161.65;56745.3;61177.12;69296.55;58961.21;17.5291;sred_cen_perv_4kv-2023.xlsx;sred_cen_vtor_4kv-2023.xlsx
2023;Ставропольский край;85304.32;85497.64;72725.02;75556.51;85400.98;74140.76;15.1876;sred_cen_perv_4kv-2023.xlsx;sred_cen_vtor_4kv-2023.xlsx
2023;Тамбовская область;71257.19;75809.87;73922.54;74424.17;73533.53;74173.35;-0.8626;sred_cen_perv_4kv-2023.xlsx;sred_cen_vtor_4kv-2023.xlsx
2023;Тверская область;89018.35;86790.36;88477.23;87130.19;87904.36;87803.71;0.1146;sred_cen_perv_4kv-2023.xlsx;sred_cen_vtor_4kv-2023.xlsx
2023;Томская область;112350.85;112042.5;89900.59;92172.31;112196.68;91036.45;23.2437;sred_cen_perv_4kv-2023.xlsx;sred_cen_vtor_4kv-2023.xlsx
2023;Тульская область;90628.22;94099.9;95517.53;91066.63;92364.06;93292.08;-0.9947;sred_cen_perv_4kv-2023.xlsx;sred_cen_vtor_4kv-2023.xlsx
2023;Тюменская область (кроме Ханты-Мансийского автономного округа-Югры и Ямало-Ненецкого автономного округа);107362.0;109359.28;95072.71;99290.84;108360.64;97181.77;11.503;sred_cen_perv_4kv-2023.xlsx;sred_cen_vtor_4kv-2023.xlsx
2023;Удмуртская Республика;87388.87;88501.53;77261.93;77261.93;87945.2;77261.93;13.8273;sred_cen_perv_4kv-2023.xlsx;sred_cen_vtor_4kv-2023.xlsx
2023;Ульяновская область;82922.89;84038.8;73093.53;75316.45;83480.85;74204.99;12.5003;sred_cen_perv_4kv-2023.xlsx;sred_cen_vtor_4kv-2023.xlsx
2023;Хабаровский край;121622.73;123837.33;104266.65;108010.36;122730.03;106138.51;15.632;sred_cen_perv_4kv-2023.xlsx;sred_cen_vtor_4kv-2023.xlsx
2023;Ханты-Мансийский автономный округ - Югра (Тюменская область);97631.87;100865.16;122045.38;122255.28;99248.51;122150.33;-18.7489;sred_cen_perv_4kv-2023.xlsx;sred_cen_vtor_4kv-2023.xlsx
2023;Челябинская область;86791.92;90421.37;70254.25;70936.03;88606.64;70595.14;25.5138;sred_cen_perv_4kv-2023.xlsx;sred_cen_vtor_4kv-2023.xlsx
2023;Чеченская Республика;63994.19;64886.7;69204.91;69280.92;64440.44;69242.92;-6.9357;sred_cen_perv_4kv-2023.xlsx;sred_cen_vtor_4kv-2023.xlsx
2023;Чувашская Республика - Чувашия;89918.18;94362.19;88617.58;88729.04;92140.18;88673.31;3.9097;sred_cen_perv_4kv-2023.xlsx;sred_cen_vtor_4kv-2023.xlsx
2023;Ярославская область;91519.42;88730.76;80022.84;78035.44;90125.09;79029.14;14.0403;sred_cen_perv_4kv-2023.xlsx;sred_cen_vtor_4kv-2023.xlsx
2024;Алтайский край;116380.19;119203.79;98966.31;99200.18;117791.99;99083.24;18.8818;sred_cen_perv_4kv-2024.xlsx;sred_cen_vtor_4kv-2024.xlsx
2024;Амурская область;157096.9;162456.09;133080.26;134297.86;159776.49;133689.06;19.5135;sred_cen_perv_4kv-2024.xlsx;sred_cen_vtor_4kv-2024.xlsx
2024;Архангельская область (кроме Ненецкого автономного округа);133481.15;135590.7;94537.63;97125.79;134535.92;95831.71;40.3877;sred_cen_perv_4kv-2024.xlsx;sred_cen_vtor_4kv-2024.xlsx
2024;Астраханская область;121225.05;127488.12;71709.55;77882.17;124356.58;74795.86;66.2613;sred_cen_perv_4kv-2024.xlsx;sred_cen_vtor_4kv-2024.xlsx
2024;Белгородская область;110792.61;111828.91;89617.15;87728.69;111310.76;88672.92;25.5296;sred_cen_perv_4kv-2024.xlsx;sred_cen_vtor_4kv-2024.xlsx
2024;Брянская область;87589.31;88212.05;70375.31;71484.03;87900.68;70929.67;23.9265;sred_cen_perv_4kv-2024.xlsx;sred_cen_vtor_4kv-2024.xlsx
2024;Владимирская область;85463.57;88550.83;87140.81;91554.22;87007.2;89347.51;-2.6193;sred_cen_perv_4kv-2024.xlsx;sred_cen_vtor_4kv-2024.xlsx
2024;Волгоградская область;104649.14;106924.44;81494.97;83093.61;105786.79;82294.29;28.5469;sred_cen_perv_4kv-2024.xlsx;sred_cen_vtor_4kv-2024.xlsx
2024;Вологодская область;79968.74;81584.1;80473.4;80690.12;80776.42;80581.76;0.2416;sred_cen_perv_4kv-2024.xlsx;sred_cen_vtor_4kv-2024.xlsx
2024;Воронежская область;108320.02;113840.52;84160.48;86590.41;111080.27;85375.45;30.108;sred_cen_perv_4kv-2024.xlsx;sred_cen_vtor_4kv-2024.xlsx
2024;Еврейская автономная область;101834.31;101891.86;74381.16;79119.97;101863.08;76750.57;32.7197;sred_cen_perv_4kv-2024.xlsx;sred_cen_vtor_4kv-2024.xlsx
2024;Забайкальский край;151599.04;153798.41;114935.97;116017.65;152698.73;115476.81;32.2332;sred_cen_perv_4kv-2024.xlsx;sred_cen_vtor_4kv-2024.xlsx
2024;Ивановская область;87405.48;89987.9;100809.36;102602.16;88696.69;101705.76;-12.7909;sred_cen_perv_4kv-2024.xlsx;sred_cen_vtor_4kv-2024.xlsx
2024;Иркутская область;139125.83;141997.89;110340.66;114844.99;140561.86;112592.83;24.8409;sred_cen_perv_4kv-2024.xlsx;sred_cen_vtor_4kv-2024.xlsx
2024;Кабардино-Балкарская Республика;58621.31;60847.97;65685.67;65947.52;59734.64;65816.6;-9.2408;sred_cen_perv_4kv-2024.xlsx;sred_cen_vtor_4kv-2024.xlsx
2024;Калининградская область;105164.94;107149.72;108930.87;108676.01;106157.33;108803.44;-2.432;sred_cen_perv_4kv-2024.xlsx;sred_cen_vtor_4kv-2024.xlsx
2024;Калужская область;89458.06;90790.81;92451.6;90158.83;90124.43;91305.21;-1.2932;sred_cen_perv_4kv-2024.xlsx;sred_cen_vtor_4kv-2024.xlsx
2024;Камчатский край;184895.57;184451.0;130848.7;131071.93;184673.29;130960.32;41.0147;sred_cen_perv_4kv-2024.xlsx;sred_cen_vtor_4kv-2024.xlsx
2024;Карачаево-Черкесская Республика;64476.66;64792.7;90535.62;90535.62;64634.68;90535.62;-28.6086;sred_cen_perv_4kv-2024.xlsx;sred_cen_vtor_4kv-2024.xlsx
2024;Кемеровская область - Кузбасс;104939.26;110943.71;98491.23;100345.62;107941.49;99418.42;8.5729;sred_cen_perv_4kv-2024.xlsx;sred_cen_vtor_4kv-2024.xlsx
2024;Кировская область;108575.04;111282.24;82738.46;83999.14;109928.64;83368.8;31.8582;sred_cen_perv_4kv-2024.xlsx;sred_cen_vtor_4kv-2024.xlsx
2024;Костромская область;90124.71;93618.65;76662.11;76849.83;91871.68;76755.97;19.6932;sred_cen_perv_4kv-2024.xlsx;sred_cen_vtor_4kv-2024.xlsx
2024;Краснодарский край;146583.91;151434.5;125955.97;134202.24;149009.21;130079.1;14.5528;sred_cen_perv_4kv-2024.xlsx;sred_cen_vtor_4kv-2024.xlsx
2024;Красноярский край;127311.75;129781.57;105190.8;106626.81;128546.66;105908.8;21.3749;sred_cen_perv_4kv-2024.xlsx;sred_cen_vtor_4kv-2024.xlsx
2024;Курганская область;85688.66;89199.19;67175.43;69484.75;87443.93;68330.09;27.9728;sred_cen_perv_4kv-2024.xlsx;sred_cen_vtor_4kv-2024.xlsx
2024;Курская область;88043.43;91947.61;79703.51;80304.69;89995.52;80004.1;12.4886;sred_cen_perv_4kv-2024.xlsx;sred_cen_vtor_4kv-2024.xlsx
2024;Липецкая область;88462.46;92042.93;94276.56;99918.32;90252.7;97097.44;-7.0494;sred_cen_perv_4kv-2024.xlsx;sred_cen_vtor_4kv-2024.xlsx
2024;Магаданская область;152137.0;152137.0;128512.97;121983.15;152137.0;125248.06;21.4685;sred_cen_perv_4kv-2024.xlsx;sred_cen_vtor_4kv-2024.xlsx
2024;Ненецкий автономный округ (Архангельская область);116761.96;113034.45;116678.13;116797.13;114898.21;116737.63;-1.5757;sred_cen_perv_4kv-2024.xlsx;sred_cen_vtor_4kv-2024.xlsx
2024;Нижегородская область;163492.56;168560.47;129669.69;133165.27;166026.52;131417.48;26.3352;sred_cen_perv_4kv-2024.xlsx;sred_cen_vtor_4kv-2024.xlsx
2024;Новгородская область;87856.78;90951.32;81439.97;79220.28;89404.05;80330.12;11.2958;sred_cen_perv_4kv-2024.xlsx;sred_cen_vtor_4kv-2024.xlsx
2024;Новосибирская область;146261.75;148338.88;120393.06;120350.23;147300.32;120371.64;22.3713;sred_cen_perv_4kv-2024.xlsx;sred_cen_vtor_4kv-2024.xlsx
2024;Омская область;118296.05;126035.9;98533.02;99801.18;122165.98;99167.1;23.192;sred_cen_perv_4kv-2024.xlsx;sred_cen_vtor_4kv-2024.xlsx
2024;Оренбургская область;75543.18;77352.28;73011.26;75058.04;76447.73;74034.65;3.2594;sred_cen_perv_4kv-2024.xlsx;sred_cen_vtor_4kv-2024.xlsx
2024;Орловская область;88917.17;90294.2;75729.77;74374.84;89605.68;75052.3;19.391;sred_cen_perv_4kv-2024.xlsx;sred_cen_vtor_4kv-2024.xlsx
2024;Пензенская область;95622.21;99683.19;72560.82;75141.38;97652.7;73851.1;32.2292;sred_cen_perv_4kv-2024.xlsx;sred_cen_vtor_4kv-2024.xlsx
2024;Пермский край;126751.97;128623.84;109174.6;110014.94;127687.9;109594.77;16.5091;sred_cen_perv_4kv-2024.xlsx;sred_cen_vtor_4kv-2024.xlsx
2024;Приморский край;174220.49;184179.5;150735.72;154359.6;179199.99;152547.66;17.4715;sred_cen_perv_4kv-2024.xlsx;sred_cen_vtor_4kv-2024.xlsx
2024;Псковская область;69489.0;68349.13;83321.59;86743.02;68919.07;85032.3;-18.9496;sred_cen_perv_4kv-2024.xlsx;sred_cen_vtor_4kv-2024.xlsx
2024;Республика Адыгея (Адыгея);108274.76;106332.4;90079.68;90964.49;107303.58;90522.08;18.5386;sred_cen_perv_4kv-2024.xlsx;sred_cen_vtor_4kv-2024.xlsx
2024;Республика Алтай;155517.6;159943.57;133681.88;139937.09;157730.59;136809.48;15.2921;sred_cen_perv_4kv-2024.xlsx;sred_cen_vtor_4kv-2024.xlsx
2024;Республика Башкортостан;134225.7;138496.79;111060.83;113279.74;136361.24;112170.29;21.5663;sred_cen_perv_4kv-2024.xlsx;sred_cen_vtor_4kv-2024.xlsx
2024;Республика Бурятия;105433.23;108699.27;107976.67;109998.27;107066.25;108987.47;-1.7628;sred_cen_perv_4kv-2024.xlsx;sred_cen_vtor_4kv-2024.xlsx
2024;Республика Дагестан;81910.19;88694.01;95079.31;94966.7;85302.1;95023.01;-10.2301;sred_cen_perv_4kv-2024.xlsx;sred_cen_vtor_4kv-2024.xlsx
2024;Республика Ингушетия;54594.93;55318.51;56134.03;58454.11;54956.72;57294.07;-4.0796;sred_cen_perv_4kv-2024.xlsx;sred_cen_vtor_4kv-2024.xlsx
2024;Республика Калмыкия;66490.45;68786.65;76735.23;77689.69;67638.55;77212.46;-12.3994;sred_cen_perv_4kv-2024.xlsx;sred_cen_vtor_4kv-2024.xlsx
2024;Республика Карелия;132221.2;134230.53;102501.5;104366.63;133225.86;103434.07;28.8027;sred_cen_perv_4kv-2024.xlsx;sred_cen_vtor_4kv-2024.xlsx
2024;Республика Коми;108212.73;110949.01;100696.87;98473.76;109580.87;99585.32;10.0372;sred_cen_perv_4kv-2024.xlsx;sred_cen_vtor_4kv-2024.xlsx
2024;Республика Крым;146701.93;155862.87;111241.84;132598.09;151282.4;121919.96;24.0834;sred_cen_perv_4kv-2024.xlsx;sred_cen_vtor_4kv-2024.xlsx
2024;Республика Марий Эл;90955.99;94644.15;74401.25;78909.53;92800.07;76655.39;21.0614;sred_cen_perv_4kv-2024.xlsx;sred_cen_vtor_4kv-2024.xlsx
2024;Республика Мордовия;88767.17;94965.35;76131.83;77246.11;91866.26;76688.97;19.7907;sred_cen_perv_4kv-2024.xlsx;sred_cen_vtor_4kv-2024.xlsx
2024;Республика Саха (Якутия);148102.23;148798.95;125267.9;128567.53;148450.59;126917.71;16.966;sred_cen_perv_4kv-2024.xlsx;sred_cen_vtor_4kv-2024.xlsx
2024;Республика Татарстан (Татарстан);197129.34;203254.2;137445.11;136444.69;200191.77;136944.9;46.1842;sred_cen_perv_4kv-2024.xlsx;sred_cen_vtor_4kv-2024.xlsx
2024;Республика Тыва;127234.97;133056.04;131144.65;131144.65;130145.51;131144.65;-0.7619;sred_cen_perv_4kv-2024.xlsx;sred_cen_vtor_4kv-2024.xlsx
2024;Республика Хакасия;106657.13;109532.45;97346.54;98022.23;108094.79;97684.38;10.6572;sred_cen_perv_4kv-2024.xlsx;sred_cen_vtor_4kv-2024.xlsx
2024;Ростовская область;122339.02;125403.43;104876.54;105809.5;123871.23;105343.02;17.5885;sred_cen_perv_4kv-2024.xlsx;sred_cen_vtor_4kv-2024.xlsx
2024;Рязанская область;106689.67;106206.85;81146.64;83460.66;106448.26;82303.65;29.336;sred_cen_perv_4kv-2024.xlsx;sred_cen_vtor_4kv-2024.xlsx
2024;Самарская область;130818.4;132180.37;110056.06;110765.45;131499.39;110410.76;19.1002;sred_cen_perv_4kv-2024.xlsx;sred_cen_vtor_4kv-2024.xlsx
2024;Саратовская область;88209.91;96863.4;86799.96;88912.84;92536.65;87856.4;5.3272;sred_cen_perv_4kv-2024.xlsx;sred_cen_vtor_4kv-2024.xlsx
2024;Сахалинская область;161127.15;165433.91;151915.32;155499.19;163280.53;153707.26;6.2283;sred_cen_perv_4kv-2024.xlsx;sred_cen_vtor_4kv-2024.xlsx
2024;Свердловская область;137503.61;143067.13;105138.48;107240.65;140285.37;106189.57;32.1084;sred_cen_perv_4kv-2024.xlsx;sred_cen_vtor_4kv-2024.xlsx
2024;Смоленская область;87685.95;93961.32;70110.66;71568.42;90823.64;70839.54;28.2104;sred_cen_perv_4kv-2024.xlsx;sred_cen_vtor_4kv-2024.xlsx
2024;Ставропольский край;97658.71;106078.58;84048.3;84299.6;101868.65;84173.95;21.0216;sred_cen_perv_4kv-2024.xlsx;sred_cen_vtor_4kv-2024.xlsx
2024;Тамбовская область;77687.78;79045.76;76342.94;77332.28;78366.77;76837.61;1.9901;sred_cen_perv_4kv-2024.xlsx;sred_cen_vtor_4kv-2024.xlsx
2024;Тверская область;95412.8;97895.25;81527.62;80783.98;96654.02;81155.8;19.0969;sred_cen_perv_4kv-2024.xlsx;sred_cen_vtor_4kv-2024.xlsx
2024;Томская область;134709.53;137292.63;102330.44;104898.07;136001.08;103614.26;31.2571;sred_cen_perv_4kv-2024.xlsx;sred_cen_vtor_4kv-2024.xlsx
2024;Тульская область;109083.47;106081.1;104117.21;105723.96;107582.29;104920.59;2.5369;sred_cen_perv_4kv-2024.xlsx;sred_cen_vtor_4kv-2024.xlsx
2024;Тюменская область (кроме Ханты-Мансийского автономного округа-Югры и Ямало-Ненецкого автономного округа);129081.61;131703.53;104163.03;106705.56;130392.57;105434.29;23.6719;sred_cen_perv_4kv-2024.xlsx;sred_cen_vtor_4kv-2024.xlsx
2024;Удмуртская Республика;100138.11;102978.97;84990.27;88249.01;101558.54;86619.64;17.2466;sred_cen_perv_4kv-2024.xlsx;sred_cen_vtor_4kv-2024.xlsx
2024;Ульяновская область;96260.93;99025.91;86858.06;87666.75;97643.42;87262.4;11.8963;sred_cen_perv_4kv-2024.xlsx;sred_cen_vtor_4kv-2024.xlsx
2024;Хабаровский край;143593.1;149215.21;115279.97;112607.83;146404.15;113943.9;28.4879;sred_cen_perv_4kv-2024.xlsx;sred_cen_vtor_4kv-2024.xlsx
2024;Ханты-Мансийский автономный округ - Югра (Тюменская область);131123.7;132543.42;115303.48;124969.76;131833.56;120136.62;9.7364;sred_cen_perv_4kv-2024.xlsx;sred_cen_vtor_4kv-2024.xlsx
2024;Челябинская область;114929.61;118476.18;78952.19;79647.12;116702.89;79299.65;47.167;sred_cen_perv_4kv-2024.xlsx;sred_cen_vtor_4kv-2024.xlsx
2024;Чеченская Республика;79464.86;82755.74;75747.41;77491.17;81110.3;76619.29;5.8615;sred_cen_perv_4kv-2024.xlsx;sred_cen_vtor_4kv-2024.xlsx
2024;Чувашская Республика - Чувашия;114674.86;118236.9;99797.29;98315.29;116455.88;99056.29;17.5654;sred_cen_perv_4kv-2024.xlsx;sred_cen_vtor_4kv-2024.xlsx
2024;Ямало-Ненецкий автономный округ (Тюменская область);173043.2;176702.32;184169.12;188291.49;174872.76;186230.3;-6.0987;sred_cen_perv_4kv-2024.xlsx;sred_cen_vtor_4kv-2024.xlsx
2024;Ярославская область;104842.87;107360.79;80799.72;84426.47;106101.83;82613.1;28.4322;sred_cen_perv_4kv-2024.xlsx;sred_cen_vtor_4kv-2024.xlsx
2025;Алтайский край;138620.14;136836.59;101639.05;103555.29;137728.36;102597.17;34.2419;sred_cen_perv_4kv-2025.xlsx;sred_cen_vtor_4kv-2025.xlsx
2025;Амурская область;170699.45;171923.82;146792.28;145449.14;171311.64;146120.71;17.2398;sred_cen_perv_4kv-2025.xlsx;sred_cen_vtor_4kv-2025.xlsx
2025;Архангельская область (кроме Ненецкого автономного округа);132331.8;133405.5;105229.25;107067.68;132868.65;106148.46;25.1725;sred_cen_perv_4kv-2025.xlsx;sred_cen_vtor_4kv-2025.xlsx
2025;Астраханская область;149178.35;155992.9;84784.1;83711.21;152585.62;84247.65;81.1156;sred_cen_perv_4kv-2025.xlsx;sred_cen_vtor_4kv-2025.xlsx
2025;Белгородская область;108112.79;108641.8;99616.45;100404.82;108377.29;100010.64;8.3658;sred_cen_perv_4kv-2025.xlsx;sred_cen_vtor_4kv-2025.xlsx
2025;Брянская область;97345.21;97929.77;85288.56;84467.37;97637.49;84877.96;15.0328;sred_cen_perv_4kv-2025.xlsx;sred_cen_vtor_4kv-2025.xlsx
2025;Владимирская область;99229.49;107113.24;103612.53;103462.0;103171.37;103537.26;-0.3534;sred_cen_perv_4kv-2025.xlsx;sred_cen_vtor_4kv-2025.xlsx
2025;Волгоградская область;120764.72;121859.01;93103.51;91496.32;121311.86;92299.92;31.4323;sred_cen_perv_4kv-2025.xlsx;sred_cen_vtor_4kv-2025.xlsx
2025;Вологодская область;90450.47;93446.52;84250.75;85533.6;91948.49;84892.18;8.3121;sred_cen_perv_4kv-2025.xlsx;sred_cen_vtor_4kv-2025.xlsx
2025;Воронежская область;118668.99;122195.99;100670.87;104531.36;120432.49;102601.11;17.3793;sred_cen_perv_4kv-2025.xlsx;sred_cen_vtor_4kv-2025.xlsx
2025;Еврейская автономная область;111538.82;113030.15;83167.61;79740.37;112284.49;81453.99;37.8502;sred_cen_perv_4kv-2025.xlsx;sred_cen_vtor_4kv-2025.xlsx
2025;Забайкальский край;157064.02;158113.08;122757.11;124515.15;157588.55;123636.13;27.4616;sred_cen_perv_4kv-2025.xlsx;sred_cen_vtor_4kv-2025.xlsx
2025;Ивановская область;95180.53;96740.59;110939.37;114358.96;95960.56;112649.17;-14.8147;sred_cen_perv_4kv-2025.xlsx;sred_cen_vtor_4kv-2025.xlsx
2025;Иркутская область;152051.33;154524.21;122910.8;126622.62;153287.77;124766.71;22.8595;sred_cen_perv_4kv-2025.xlsx;sred_cen_vtor_4kv-2025.xlsx
2025;Кабардино-Балкарская Республика;65797.0;68368.75;72581.75;74041.07;67082.88;73311.41;-8.496;sred_cen_perv_4kv-2025.xlsx;sred_cen_vtor_4kv-2025.xlsx
2025;Калининградская область;120430.8;124842.44;127142.61;128549.31;122636.62;127845.96;-4.0747;sred_cen_perv_4kv-2025.xlsx;sred_cen_vtor_4kv-2025.xlsx
2025;Калужская область;91853.78;93638.72;102683.89;91861.31;92746.25;97272.6;-4.6533;sred_cen_perv_4kv-2025.xlsx;sred_cen_vtor_4kv-2025.xlsx
2025;Камчатский край;182852.67;180064.91;127350.53;140169.56;181458.79;133760.04;35.6599;sred_cen_perv_4kv-2025.xlsx;sred_cen_vtor_4kv-2025.xlsx
2025;Карачаево-Черкесская Республика;77365.28;78285.32;98800.14;100251.27;77825.3;99525.71;-21.8038;sred_cen_perv_4kv-2025.xlsx;sred_cen_vtor_4kv-2025.xlsx
2025;Кемеровская область - Кузбасс;116894.93;117808.09;92901.7;92455.65;117351.51;92678.67;26.6219;sred_cen_perv_4kv-2025.xlsx;sred_cen_vtor_4kv-2025.xlsx
2025;Кировская область;119285.55;122020.56;89663.44;92676.95;120653.05;91170.2;32.3383;sred_cen_perv_4kv-2025.xlsx;sred_cen_vtor_4kv-2025.xlsx
2025;Краснодарский край;148433.08;151662.59;134367.86;129798.71;150047.83;132083.29;13.6009;sred_cen_perv_4kv-2025.xlsx;sred_cen_vtor_4kv-2025.xlsx
2025;Красноярский край;134197.01;136508.67;113592.31;117245.02;135352.84;115418.67;17.2712;sred_cen_perv_4kv-2025.xlsx;sred_cen_vtor_4kv-2025.xlsx
2025;Курганская область;101279.72;103134.7;77982.46;78696.97;102207.21;78339.71;30.4667;sred_cen_perv_4kv-2025.xlsx;sred_cen_vtor_4kv-2025.xlsx
2025;Курская область;107391.57;122719.04;102302.08;108133.31;115055.3;105217.7;9.3498;sred_cen_perv_4kv-2025.xlsx;sred_cen_vtor_4kv-2025.xlsx
2025;Липецкая область;95776.18;96866.75;96265.14;96978.82;96321.46;96621.98;-0.311;sred_cen_perv_4kv-2025.xlsx;sred_cen_vtor_4kv-2025.xlsx
2025;Магаданская область;161000.0;161000.0;128517.92;124061.11;161000.0;126289.51;27.4849;sred_cen_perv_4kv-2025.xlsx;sred_cen_vtor_4kv-2025.xlsx
2025;Мурманская область;127518.52;137174.25;104123.04;98138.96;132346.39;101131.0;30.8663;sred_cen_perv_4kv-2025.xlsx;sred_cen_vtor_4kv-2025.xlsx
2025;Нижегородская область;179416.44;182209.32;144577.64;141996.84;180812.88;143287.24;26.1891;sred_cen_perv_4kv-2025.xlsx;sred_cen_vtor_4kv-2025.xlsx
2025;Новгородская область;95156.33;100462.72;84898.42;86377.26;97809.52;85637.84;14.213;sred_cen_perv_4kv-2025.xlsx;sred_cen_vtor_4kv-2025.xlsx
2025;Новосибирская область;154397.22;156954.68;127830.09;126969.48;155675.95;127399.79;22.1948;sred_cen_perv_4kv-2025.xlsx;sred_cen_vtor_4kv-2025.xlsx
2025;Омская область;142922.82;143100.51;103107.59;104069.82;143011.67;103588.71;38.0572;sred_cen_perv_4kv-2025.xlsx;sred_cen_vtor_4kv-2025.xlsx
2025;Оренбургская область;89520.78;92157.95;78498.35;81432.13;90839.36;79965.24;13.5986;sred_cen_perv_4kv-2025.xlsx;sred_cen_vtor_4kv-2025.xlsx
2025;Орловская область;96062.99;98474.98;77138.56;77933.5;97268.99;77536.03;25.45;sred_cen_perv_4kv-2025.xlsx;sred_cen_vtor_4kv-2025.xlsx
2025;Пензенская область;102640.14;102340.56;85814.85;87956.47;102490.35;86885.66;17.96;sred_cen_perv_4kv-2025.xlsx;sred_cen_vtor_4kv-2025.xlsx
2025;Пермский край;147401.86;150203.45;124184.73;132623.32;148802.65;128404.02;15.8863;sred_cen_perv_4kv-2025.xlsx;sred_cen_vtor_4kv-2025.xlsx
2025;Приморский край;184320.92;186335.73;155146.84;158662.16;185328.33;156904.5;18.1154;sred_cen_perv_4kv-2025.xlsx;sred_cen_vtor_4kv-2025.xlsx
2025;Псковская область;71506.52;79684.61;88142.63;88573.35;75595.57;88357.99;-14.444;sred_cen_perv_4kv-2025.xlsx;sred_cen_vtor_4kv-2025.xlsx
2025;Республика Адыгея (Адыгея);124263.39;123023.6;95673.71;95535.93;123643.49;95604.82;29.3277;sred_cen_perv_4kv-2025.xlsx;sred_cen_vtor_4kv-2025.xlsx
2025;Республика Алтай;171394.58;171394.58;152738.63;159704.88;171394.58;156221.76;9.7124;sred_cen_perv_4kv-2025.xlsx;sred_cen_vtor_4kv-2025.xlsx
2025;Республика Башкортостан;149466.43;149127.48;117857.38;117825.02;149296.96;117841.2;26.6933;sred_cen_perv_4kv-2025.xlsx;sred_cen_vtor_4kv-2025.xlsx
2025;Республика Бурятия;121640.69;124450.35;117984.45;120995.57;123045.52;119490.01;2.9756;sred_cen_perv_4kv-2025.xlsx;sred_cen_vtor_4kv-2025.xlsx
2025;Республика Дагестан;77272.05;76159.15;109440.56;109440.56;76715.6;109440.56;-29.902;sred_cen_perv_4kv-2025.xlsx;sred_cen_vtor_4kv-2025.xlsx
2025;Республика Ингушетия;57224.15;57750.81;60896.17;61927.78;57487.48;61411.97;-6.3904;sred_cen_perv_4kv-2025.xlsx;sred_cen_vtor_4kv-2025.xlsx
2025;Республика Калмыкия;78770.84;82252.18;91094.6;87189.15;80511.51;89141.88;-9.6816;sred_cen_perv_4kv-2025.xlsx;sred_cen_vtor_4kv-2025.xlsx
2025;Республика Карелия;147807.31;144392.66;109594.95;108206.57;146099.98;108900.76;34.1588;sred_cen_perv_4kv-2025.xlsx;sred_cen_vtor_4kv-2025.xlsx
2025;Республика Коми;119226.61;117558.63;103787.99;103846.58;118392.62;103817.29;14.0394;sred_cen_perv_4kv-2025.xlsx;sred_cen_vtor_4kv-2025.xlsx
2025;Республика Крым;170139.55;163574.18;156215.6;156215.6;166856.86;156215.6;6.8119;sred_cen_perv_4kv-2025.xlsx;sred_cen_vtor_4kv-2025.xlsx
2025;Республика Марий Эл;108676.85;109205.29;86523.41;88416.48;108941.07;87469.95;24.5469;sred_cen_perv_4kv-2025.xlsx;sred_cen_vtor_4kv-2025.xlsx
2025;Республика Мордовия;102467.37;106444.77;88489.26;89660.59;104456.07;89074.92;17.2676;sred_cen_perv_4kv-2025.xlsx;sred_cen_vtor_4kv-2025.xlsx
2025;Республика Саха (Якутия);165084.16;164154.63;119346.84;120674.25;164619.4;120010.54;37.1708;sred_cen_perv_4kv-2025.xlsx;sred_cen_vtor_4kv-2025.xlsx
2025;Республика Татарстан (Татарстан);233573.02;234900.58;154590.94;155772.14;234236.8;155181.54;50.9437;sred_cen_perv_4kv-2025.xlsx;sred_cen_vtor_4kv-2025.xlsx
2025;Республика Тыва;134681.22;144060.48;132121.24;128169.92;139370.85;130145.58;7.0884;sred_cen_perv_4kv-2025.xlsx;sred_cen_vtor_4kv-2025.xlsx
2025;Республика Хакасия;116959.0;120042.79;103889.02;103504.3;118500.89;103696.66;14.2765;sred_cen_perv_4kv-2025.xlsx;sred_cen_vtor_4kv-2025.xlsx
2025;Ростовская область;136148.74;141469.52;118672.16;121431.75;138809.13;120051.96;15.6242;sred_cen_perv_4kv-2025.xlsx;sred_cen_vtor_4kv-2025.xlsx
2025;Рязанская область;115024.17;116653.19;88753.02;89567.57;115838.68;89160.3;29.9218;sred_cen_perv_4kv-2025.xlsx;sred_cen_vtor_4kv-2025.xlsx
2025;Самарская область;138879.89;142386.87;118356.03;120640.22;140633.38;119498.12;17.6867;sred_cen_perv_4kv-2025.xlsx;sred_cen_vtor_4kv-2025.xlsx
2025;Саратовская область;103843.75;104744.14;92358.23;92643.41;104293.95;92500.82;12.7492;sred_cen_perv_4kv-2025.xlsx;sred_cen_vtor_4kv-2025.xlsx
2025;Сахалинская область;176401.38;182523.75;153979.4;148870.81;179462.57;151425.1;18.5157;sred_cen_perv_4kv-2025.xlsx;sred_cen_vtor_4kv-2025.xlsx
2025;Свердловская область;155833.07;153123.36;115445.03;115000.51;154478.21;115222.77;34.0692;sred_cen_perv_4kv-2025.xlsx;sred_cen_vtor_4kv-2025.xlsx
2025;Смоленская область;102287.85;106519.66;78011.65;78003.94;104403.76;78007.79;33.8376;sred_cen_perv_4kv-2025.xlsx;sred_cen_vtor_4kv-2025.xlsx
2025;Ставропольский край;109475.01;104209.17;89687.49;91844.93;106842.09;90766.21;17.7113;sred_cen_perv_4kv-2025.xlsx;sred_cen_vtor_4kv-2025.xlsx
2025;Тамбовская область;89907.02;90164.4;75980.59;75980.59;90035.71;75980.59;18.4983;sred_cen_perv_4kv-2025.xlsx;sred_cen_vtor_4kv-2025.xlsx
2025;Тверская область;105210.4;104970.38;86827.77;83068.98;105090.39;84948.38;23.7109;sred_cen_perv_4kv-2025.xlsx;sred_cen_vtor_4kv-2025.xlsx
2025;Томская область;145378.91;147077.1;109897.86;108074.69;146228.01;108986.27;34.171;sred_cen_perv_4kv-2025.xlsx;sred_cen_vtor_4kv-2025.xlsx
2025;Тульская область;110382.67;111525.8;115016.31;114445.25;110954.24;114730.78;-3.2917;sred_cen_perv_4kv-2025.xlsx;sred_cen_vtor_4kv-2025.xlsx
2025;Тюменская область (кроме Ханты-Мансийского автономного округа-Югры и Ямало-Ненецкого автономного округа);139469.87;142350.11;108445.34;112311.87;140909.99;110378.6;27.6606;sred_cen_perv_4kv-2025.xlsx;sred_cen_vtor_4kv-2025.xlsx
2025;Удмуртская Республика;115341.02;118784.37;88874.02;90051.05;117062.7;89462.54;30.8511;sred_cen_perv_4kv-2025.xlsx;sred_cen_vtor_4kv-2025.xlsx
2025;Ульяновская область;107764.62;110580.87;89114.51;88355.5;109172.74;88735.01;23.0323;sred_cen_perv_4kv-2025.xlsx;sred_cen_vtor_4kv-2025.xlsx
2025;Хабаровский край;161184.86;160861.84;121651.27;123346.86;161023.35;122499.07;31.4486;sred_cen_perv_4kv-2025.xlsx;sred_cen_vtor_4kv-2025.xlsx
2025;Ханты-Мансийский автономный округ - Югра (Тюменская область);139719.33;141260.17;121896.33;121346.22;140489.75;121621.27;15.5141;sred_cen_perv_4kv-2025.xlsx;sred_cen_vtor_4kv-2025.xlsx
2025;Челябинская область;128887.86;129917.4;83016.72;86836.94;129402.63;84926.83;52.3696;sred_cen_perv_4kv-2025.xlsx;sred_cen_vtor_4kv-2025.xlsx
2025;Чеченская Республика;88894.86;89666.55;87281.21;87562.49;89280.71;87421.85;2.1263;sred_cen_perv_4kv-2025.xlsx;sred_cen_vtor_4kv-2025.xlsx
2025;Чувашская Республика - Чувашия;130084.49;132434.48;94625.55;99826.42;131259.49;97225.99;35.0045;sred_cen_perv_4kv-2025.xlsx;sred_cen_vtor_4kv-2025.xlsx
2025;Ямало-Ненецкий автономный округ (Тюменская область);186722.1;188217.04;203944.29;203944.29;187469.57;203944.29;-8.078;sred_cen_perv_4kv-2025.xlsx;sred_cen_vtor_4kv-2025.xlsx
2025;Ярославская область;102485.14;104011.05;87880.12;88580.72;103248.1;88230.42;17.021;sred_cen_perv_4kv-2025.xlsx;sred_cen_vtor_4kv-2025.xlsx
2026;Алтайский край;144524.31;149620.42;103122.49;103968.74;147072.36;103545.62;42.0363;sred_cen_perv_2kv-2026.xlsx;sred_cen_vtor_2kv-2026.xlsx
2026;Амурская область;177993.7;179649.26;142739.33;146587.97;178821.48;144663.65;23.6119;sred_cen_perv_2kv-2026.xlsx;sred_cen_vtor_2kv-2026.xlsx
2026;Архангельская область (кроме Ненецкого автономного округа);147232.34;150838.56;115357.61;118613.29;149035.45;116985.45;27.3966;sred_cen_perv_2kv-2026.xlsx;sred_cen_vtor_2kv-2026.xlsx
2026;Астраханская область;163717.35;163629.64;83574.47;83131.31;163673.49;83352.89;96.3621;sred_cen_perv_2kv-2026.xlsx;sred_cen_vtor_2kv-2026.xlsx
2026;Белгородская область;133359.29;140723.43;100798.05;106749.68;137041.36;103773.86;32.0577;sred_cen_perv_2kv-2026.xlsx;sred_cen_vtor_2kv-2026.xlsx
2026;Брянская область;112267.85;112660.62;87901.6;88214.09;112464.24;88057.85;27.7163;sred_cen_perv_2kv-2026.xlsx;sred_cen_vtor_2kv-2026.xlsx
2026;Владимирская область;110775.29;112367.59;108331.88;110492.35;111571.44;109412.12;1.9736;sred_cen_perv_2kv-2026.xlsx;sred_cen_vtor_2kv-2026.xlsx
2026;Волгоградская область;134294.58;136971.71;97089.35;96984.92;135633.14;97037.14;39.7745;sred_cen_perv_2kv-2026.xlsx;sred_cen_vtor_2kv-2026.xlsx
2026;Вологодская область;103491.9;106955.15;92228.86;93329.64;105223.52;92779.25;13.4128;sred_cen_perv_2kv-2026.xlsx;sred_cen_vtor_2kv-2026.xlsx
2026;Воронежская область;129980.25;130765.38;113586.8;115946.06;130372.82;114766.43;13.5984;sred_cen_perv_2kv-2026.xlsx;sred_cen_vtor_2kv-2026.xlsx
2026;Забайкальский край;175849.87;178900.56;146859.57;146765.15;177375.21;146812.36;20.8176;sred_cen_perv_2kv-2026.xlsx;sred_cen_vtor_2kv-2026.xlsx
2026;Ивановская область;103377.33;105006.88;114657.8;114769.44;104192.11;114713.62;-9.172;sred_cen_perv_2kv-2026.xlsx;sred_cen_vtor_2kv-2026.xlsx
2026;Иркутская область;172375.98;172146.22;128186.47;128713.13;172261.1;128449.8;34.1077;sred_cen_perv_2kv-2026.xlsx;sred_cen_vtor_2kv-2026.xlsx
2026;Кабардино-Балкарская Республика;89042.56;89769.2;81887.29;81888.22;89405.88;81887.76;9.181;sred_cen_perv_2kv-2026.xlsx;sred_cen_vtor_2kv-2026.xlsx
2026;Калининградская область;155795.22;157585.35;151402.93;152370.66;156690.29;151886.79;3.1625;sred_cen_perv_2kv-2026.xlsx;sred_cen_vtor_2kv-2026.xlsx
2026;Калужская область;105587.93;106869.06;94787.56;95250.03;106228.49;95018.79;11.7974;sred_cen_perv_2kv-2026.xlsx;sred_cen_vtor_2kv-2026.xlsx
2026;Камчатский край;180048.56;182547.68;138246.25;138246.25;181298.12;138246.25;31.1414;sred_cen_perv_2kv-2026.xlsx;sred_cen_vtor_2kv-2026.xlsx
2026;Карачаево-Черкесская Республика;78560.74;84507.51;95834.23;95834.23;81534.12;95834.23;-14.9217;sred_cen_perv_2kv-2026.xlsx;sred_cen_vtor_2kv-2026.xlsx
2026;Кемеровская область - Кузбасс;132660.82;136283.68;96094.39;98952.73;134472.25;97523.56;37.8869;sred_cen_perv_2kv-2026.xlsx;sred_cen_vtor_2kv-2026.xlsx
2026;Кировская область;131152.36;135103.57;103153.95;104844.99;133127.96;103999.47;28.0083;sred_cen_perv_2kv-2026.xlsx;sred_cen_vtor_2kv-2026.xlsx
2026;Костромская область;105497.8;107464.28;97551.26;94888.56;106481.04;96219.91;10.6642;sred_cen_perv_2kv-2026.xlsx;sred_cen_vtor_2kv-2026.xlsx
2026;Краснодарский край;151990.15;149141.76;126034.56;125859.79;150565.96;125947.17;19.5469;sred_cen_perv_2kv-2026.xlsx;sred_cen_vtor_2kv-2026.xlsx
2026;Красноярский край;146495.54;148978.07;121109.11;123686.01;147736.8;122397.56;20.7024;sred_cen_perv_2kv-2026.xlsx;sred_cen_vtor_2kv-2026.xlsx
2026;Курганская область;113668.7;112702.92;83822.54;85250.71;113185.81;84536.62;33.8897;sred_cen_perv_2kv-2026.xlsx;sred_cen_vtor_2kv-2026.xlsx
2026;Курская область;145456.84;145463.16;126673.59;130833.05;145460.0;128753.32;12.9757;sred_cen_perv_2kv-2026.xlsx;sred_cen_vtor_2kv-2026.xlsx
2026;Липецкая область;107060.84;109622.76;99100.52;98118.74;108341.8;98609.63;9.8694;sred_cen_perv_2kv-2026.xlsx;sred_cen_vtor_2kv-2026.xlsx
2026;Магаданская область;168320.0;168320.0;135301.6;140907.88;168320.0;138104.74;21.8785;sred_cen_perv_2kv-2026.xlsx;sred_cen_vtor_2kv-2026.xlsx
2026;Мурманская область;152408.57;154619.14;94739.3;96020.09;153513.86;95379.7;60.9502;sred_cen_perv_2kv-2026.xlsx;sred_cen_vtor_2kv-2026.xlsx
2026;Ненецкий автономный округ (Архангельская область);134442.0;134442.0;118992.89;113874.32;134442.0;116433.61;15.4667;sred_cen_perv_2kv-2026.xlsx;sred_cen_vtor_2kv-2026.xlsx
2026;Нижегородская область;195118.2;198757.63;164930.25;170685.18;196937.92;167807.71;17.3593;sred_cen_perv_2kv-2026.xlsx;sred_cen_vtor_2kv-2026.xlsx
2026;Новгородская область;122226.07;122664.63;94306.66;97086.61;122445.35;95696.64;27.9516;sred_cen_perv_2kv-2026.xlsx;sred_cen_vtor_2kv-2026.xlsx
2026;Новосибирская область;163755.38;164555.36;145578.86;146198.53;164155.37;145888.7;12.521;sred_cen_perv_2kv-2026.xlsx;sred_cen_vtor_2kv-2026.xlsx
2026;Омская область;155448.15;154298.57;107194.37;108532.12;154873.36;107863.24;43.5831;sred_cen_perv_2kv-2026.xlsx;sred_cen_vtor_2kv-2026.xlsx
2026;Оренбургская область;103782.68;108645.52;89991.52;92151.48;106214.1;91071.5;16.6272;sred_cen_perv_2kv-2026.xlsx;sred_cen_vtor_2kv-2026.xlsx
2026;Орловская область;101742.56;105483.14;82411.48;83890.32;103612.85;83150.9;24.6082;sred_cen_perv_2kv-2026.xlsx;sred_cen_vtor_2kv-2026.xlsx
2026;Пензенская область;108320.51;109816.28;91469.31;93304.38;109068.39;92386.85;18.0562;sred_cen_perv_2kv-2026.xlsx;sred_cen_vtor_2kv-2026.xlsx
2026;Пермский край;159568.31;161311.71;140555.13;143176.22;160440.01;141865.67;13.0929;sred_cen_perv_2kv-2026.xlsx;sred_cen_vtor_2kv-2026.xlsx
2026;Приморский край;196006.79;197896.0;162616.34;165343.09;196951.4;163979.71;20.1072;sred_cen_perv_2kv-2026.xlsx;sred_cen_vtor_2kv-2026.xlsx
2026;Псковская область;81543.31;83333.68;93707.7;92505.67;82438.49;93106.68;-11.458;sred_cen_perv_2kv-2026.xlsx;sred_cen_vtor_2kv-2026.xlsx
2026;Республика Адыгея (Адыгея);150353.14;136558.98;102812.66;102795.32;143456.06;102803.99;39.5433;sred_cen_perv_2kv-2026.xlsx;sred_cen_vtor_2kv-2026.xlsx
2026;Республика Алтай;276746.0;264853.23;182157.48;180684.38;270799.61;181420.93;49.2659;sred_cen_perv_2kv-2026.xlsx;sred_cen_vtor_2kv-2026.xlsx
2026;Республика Башкортостан;160395.69;157495.35;122845.0;122351.97;158945.52;122598.49;29.6472;sred_cen_perv_2kv-2026.xlsx;sred_cen_vtor_2kv-2026.xlsx
2026;Республика Бурятия;146577.99;152506.17;131419.88;133681.68;149542.08;132550.78;12.8187;sred_cen_perv_2kv-2026.xlsx;sred_cen_vtor_2kv-2026.xlsx
2026;Республика Дагестан;81804.47;81796.47;100908.62;100718.54;81800.47;100813.58;-18.8597;sred_cen_perv_2kv-2026.xlsx;sred_cen_vtor_2kv-2026.xlsx
2026;Республика Ингушетия;60816.41;61203.74;63516.23;64118.64;61010.07;63817.43;-4.399;sred_cen_perv_2kv-2026.xlsx;sred_cen_vtor_2kv-2026.xlsx
2026;Республика Калмыкия;88854.71;90730.62;95339.85;96356.24;89792.67;95848.05;-6.3177;sred_cen_perv_2kv-2026.xlsx;sred_cen_vtor_2kv-2026.xlsx
2026;Республика Карелия;143493.77;145521.26;119317.17;122153.83;144507.52;120735.5;19.6893;sred_cen_perv_2kv-2026.xlsx;sred_cen_vtor_2kv-2026.xlsx
2026;Республика Коми;121574.24;117902.0;103752.01;105482.68;119738.12;104617.35;14.4534;sred_cen_perv_2kv-2026.xlsx;sred_cen_vtor_2kv-2026.xlsx
2026;Республика Марий Эл;116597.71;121446.16;93903.97;98337.85;119021.93;96120.91;23.8252;sred_cen_perv_2kv-2026.xlsx;sred_cen_vtor_2kv-2026.xlsx
2026;Республика Мордовия;113765.94;116175.08;100803.03;103861.72;114970.51;102332.38;12.3501;sred_cen_perv_2kv-2026.xlsx;sred_cen_vtor_2kv-2026.xlsx
2026;Республика Саха (Якутия);165606.38;166307.49;152813.0;149602.17;165956.93;151207.59;9.7544;sred_cen_perv_2kv-2026.xlsx;sred_cen_vtor_2kv-2026.xlsx
2026;Республика Татарстан (Татарстан);244950.38;239550.91;184927.88;187769.97;242250.65;186348.92;29.9984;sred_cen_perv_2kv-2026.xlsx;sred_cen_vtor_2kv-2026.xlsx
2026;Республика Тыва;144630.61;144081.12;139847.92;139688.35;144355.86;139768.14;3.2824;sred_cen_perv_2kv-2026.xlsx;sred_cen_vtor_2kv-2026.xlsx
2026;Республика Хакасия;120192.4;120795.33;97922.13;98376.41;120493.86;98149.27;22.7659;sred_cen_perv_2kv-2026.xlsx;sred_cen_vtor_2kv-2026.xlsx
2026;Ростовская область;139156.98;139400.07;120448.04;122179.28;139278.53;121313.66;14.8086;sred_cen_perv_2kv-2026.xlsx;sred_cen_vtor_2kv-2026.xlsx
2026;Рязанская область;129172.35;131249.58;93759.73;98708.67;130210.96;96234.2;35.3063;sred_cen_perv_2kv-2026.xlsx;sred_cen_vtor_2kv-2026.xlsx
2026;Самарская область;146849.56;145778.26;131530.25;126676.07;146313.91;129103.16;13.331;sred_cen_perv_2kv-2026.xlsx;sred_cen_vtor_2kv-2026.xlsx
2026;Саратовская область;112716.43;113946.69;94152.88;100818.97;113331.56;97485.93;16.2543;sred_cen_perv_2kv-2026.xlsx;sred_cen_vtor_2kv-2026.xlsx
2026;Сахалинская область;205263.07;208366.28;166687.94;170306.81;206814.67;168497.38;22.7406;sred_cen_perv_2kv-2026.xlsx;sred_cen_vtor_2kv-2026.xlsx
2026;Свердловская область;161187.16;162708.57;114355.0;114704.02;161947.86;114529.51;41.4027;sred_cen_perv_2kv-2026.xlsx;sred_cen_vtor_2kv-2026.xlsx
2026;Смоленская область;113812.44;117387.68;90883.09;91291.13;115600.06;91087.11;26.9115;sred_cen_perv_2kv-2026.xlsx;sred_cen_vtor_2kv-2026.xlsx
2026;Ставропольский край;120078.05;122525.86;105069.64;105035.32;121301.96;105052.48;15.468;sred_cen_perv_2kv-2026.xlsx;sred_cen_vtor_2kv-2026.xlsx
2026;Тамбовская область;98856.54;98880.03;83163.95;83160.56;98868.29;83162.26;18.886;sred_cen_perv_2kv-2026.xlsx;sred_cen_vtor_2kv-2026.xlsx
2026;Тверская область;118509.66;122151.11;95905.17;99532.1;120330.39;97718.64;23.1396;sred_cen_perv_2kv-2026.xlsx;sred_cen_vtor_2kv-2026.xlsx
2026;Томская область;155898.39;156079.02;116941.2;119006.96;155988.71;117974.08;32.2229;sred_cen_perv_2kv-2026.xlsx;sred_cen_vtor_2kv-2026.xlsx
2026;Тульская область;139373.51;138333.57;110388.39;112134.83;138853.54;111261.61;24.7991;sred_cen_perv_2kv-2026.xlsx;sred_cen_vtor_2kv-2026.xlsx
2026;Тюменская область (кроме Ханты-Мансийского автономного округа-Югры и Ямало-Ненецкого автономного округа);149095.23;145863.49;122796.51;119268.92;147479.36;121032.71;21.8508;sred_cen_perv_2kv-2026.xlsx;sred_cen_vtor_2kv-2026.xlsx
2026;Удмуртская Республика;135311.31;138506.44;104488.83;107574.96;136908.88;106031.9;29.1205;sred_cen_perv_2kv-2026.xlsx;sred_cen_vtor_2kv-2026.xlsx
2026;Ульяновская область;122186.7;124435.54;96856.7;98306.71;123311.12;97581.71;26.367;sred_cen_perv_2kv-2026.xlsx;sred_cen_vtor_2kv-2026.xlsx
2026;Хабаровский край;167094.59;168745.64;130554.87;132052.21;167920.11;131303.54;27.887;sred_cen_perv_2kv-2026.xlsx;sred_cen_vtor_2kv-2026.xlsx
2026;Ханты-Мансийский автономный округ - Югра (Тюменская область);162572.36;162421.56;127387.34;127484.16;162496.96;127435.75;27.5129;sred_cen_perv_2kv-2026.xlsx;sred_cen_vtor_2kv-2026.xlsx
2026;Челябинская область;148283.31;149806.96;106679.53;109275.2;149045.14;107977.36;38.0337;sred_cen_perv_2kv-2026.xlsx;sred_cen_vtor_2kv-2026.xlsx
2026;Чеченская Республика;84085.15;85031.54;89610.06;89594.73;84558.35;89602.39;-5.6294;sred_cen_perv_2kv-2026.xlsx;sred_cen_vtor_2kv-2026.xlsx
2026;Чувашская Республика - Чувашия;140184.8;142299.44;114407.86;115994.36;141242.12;115201.11;22.6048;sred_cen_perv_2kv-2026.xlsx;sred_cen_vtor_2kv-2026.xlsx
2026;Ямало-Ненецкий автономный округ (Тюменская область);216528.43;219243.15;225524.34;225834.67;217885.79;225679.51;-3.4534;sred_cen_perv_2kv-2026.xlsx;sred_cen_vtor_2kv-2026.xlsx
2026;Ярославская область;126362.8;126672.87;95845.21;98891.06;126517.83;97368.14;29.9376;sred_cen_perv_2kv-2026.xlsx;sred_cen_vtor_2kv-2026.xlsx
