year;centre;gap_pct;median_centres_pct;rank;centres_n;gap_to_median
2021;Магаданская область;57.74;4.91;1;72;11.76
2021;Астраханская область;42.28;4.91;2;72;8.61
2021;Пензенская область;36.39;4.91;3;72;7.41
2021;Челябинская область;30.96;4.91;4;72;6.31
2021;Смоленская область;26.76;4.91;5;72;5.45
2021;Республика Саха (Якутия);25.2;4.91;6;72;5.13
2021;Архангельская область (кроме Ненецкого автономного округа);21.71;4.91;7;72;4.42
2021;Брянская область;19.95;4.91;8;72;4.06
2021;Воронежская область;19.51;4.91;9;72;3.98
2021;Республика Ингушетия;17.02;4.91;10;72;3.47
2021;Чувашская Республика - Чувашия;16.94;4.91;11;72;3.45
2021;Хабаровский край;16.27;4.91;12;72;3.32
2021;Новгородская область;15.27;4.91;13;72;3.11
2021;Вологодская область;14.69;4.91;14;72;2.99
2021;Ульяновская область;13.25;4.91;15;72;2.7
2021;Республика Марий Эл;13.22;4.91;16;72;2.69
2021;Рязанская область;12.91;4.91;17;72;2.63
2021;Удмуртская Республика;12.01;4.91;18;72;2.45
2021;Свердловская область;11.74;4.91;19;72;2.39
2021;Кировская область;11.44;4.91;20;72;2.33
2021;Костромская область;10.99;4.91;21;72;2.24
2021;Тюменская область (кроме Ханты-Мансийского автономного округа-Югры и Ямало-Ненецкого автономного округа);10.75;4.91;22;72;2.19
2021;Краснодарский край;9.99;4.91;23;72;2.04
2021;Республика Хакасия;9.59;4.91;24;72;1.95
2021;Республика Татарстан (Татарстан);8.32;4.91;25;72;1.69
2021;Волгоградская область;8.31;4.91;26;72;1.69
2021;Республика Крым;7.79;4.91;27;72;1.59
2021;Кемеровская область - Кузбасс;7.65;4.91;28;72;1.56
2021;Новосибирская область;7.46;4.91;29;72;1.52
2021;Забайкальский край;7.18;4.91;30;72;1.46
2021;Курганская область;6.83;4.91;31;72;1.39
2021;Томская область;6.33;4.91;32;72;1.29
2021;Курская область;5.8;4.91;33;72;1.18
2021;Республика Башкортостан;5.31;4.91;34;72;1.08
2021;Ивановская область;5.16;4.91;35;72;1.05
2021;Омская область;5.14;4.91;36;72;1.05
2021;Нижегородская область;4.68;4.91;37;72;0.95
2021;Орловская область;3.85;4.91;38;72;0.78
2021;Республика Коми;3.42;4.91;39;72;0.7
2021;Пермский край;2.6;4.91;40;72;0.53
2021;Тамбовская область;1.9;4.91;41;72;0.39
2021;Белгородская область;1.67;4.91;42;72;0.34
2021;Республика Мордовия;1.65;4.91;43;72;0.34
2021;Иркутская область;0.86;4.91;44;72;0.17
2021;Красноярский край;0.84;4.91;45;72;0.17
2021;Псковская область;0.36;4.91;46;72;0.07
2021;Алтайский край;-0.31;4.91;47;72;-0.06
2021;Ростовская область;-1.45;4.91;48;72;-0.29
2021;Самарская область;-1.58;4.91;49;72;-0.32
2021;Саратовская область;-1.82;4.91;50;72;-0.37
2021;Республика Карелия;-2.76;4.91;51;72;-0.56
2021;Приморский край;-3.01;4.91;52;72;-0.61
2021;Амурская область;-3.19;4.91;53;72;-0.65
2021;Оренбургская область;-3.39;4.91;54;72;-0.69
2021;Чеченская Республика;-3.74;4.91;55;72;-0.76
2021;Калининградская область;-4.02;4.91;56;72;-0.82
2021;Калужская область;-4.05;4.91;57;72;-0.83
2021;Республика Бурятия;-4.73;4.91;58;72;-0.96
2021;Липецкая область;-7.13;4.91;59;72;-1.45
2021;Тульская область;-8.31;4.91;60;72;-1.69
2021;Республика Калмыкия;-8.59;4.91;61;72;-1.75
2021;Сахалинская область;-9.09;4.91;62;72;-1.85
2021;Тверская область;-10.72;4.91;63;72;-2.18
2021;Ставропольский край;-11.31;4.91;64;72;-2.3
2021;Ханты-Мансийский автономный округ - Югра (Тюменская область);-11.85;4.91;65;72;-2.41
2021;Карачаево-Черкесская Республика;-13.45;4.91;66;72;-2.74
2021;Камчатский край;-16.16;4.91;67;72;-3.29
2021;Владимирская область;-16.76;4.91;68;72;-3.41
2021;Ярославская область;-18.96;4.91;69;72;-3.86
2021;Республика Адыгея (Адыгея);-25.87;4.91;70;72;-5.27
2021;Республика Дагестан;-37.67;4.91;71;72;-7.67
2021;Кабардино-Балкарская Республика;-38.55;4.91;72;72;-7.85
2022;Магаданская область;77.43;8.02;1;75;9.65
2022;Астраханская область;58.97;8.02;2;75;7.35
2022;Пензенская область;43.24;8.02;3;75;5.39
2022;Смоленская область;31.08;8.02;4;75;3.87
2022;Архангельская область (кроме Ненецкого автономного округа);29.26;8.02;5;75;3.65
2022;Ульяновская область;26.62;8.02;6;75;3.32
2022;Самарская область;24.55;8.02;7;75;3.06
2022;Брянская область;22.39;8.02;8;75;2.79
2022;Республика Карелия;20.85;8.02;9;75;2.6
2022;Оренбургская область;20.74;8.02;10;75;2.59
2022;Забайкальский край;19.74;8.02;11;75;2.46
2022;Кировская область;19.27;8.02;12;75;2.4
2022;Ростовская область;18.55;8.02;13;75;2.31
2022;Ярославская область;17.69;8.02;14;75;2.2
2022;Новосибирская область;17.59;8.02;15;75;2.19
2022;Республика Алтай;16.86;8.02;16;75;2.1
2022;Рязанская область;16.82;8.02;17;75;2.1
2022;Республика Крым;16.15;8.02;18;75;2.01
2022;Республика Хакасия;15.77;8.02;19;75;1.97
2022;Удмуртская Республика;15.47;8.02;20;75;1.93
2022;Свердловская область;15.26;8.02;21;75;1.9
2022;Волгоградская область;13.44;8.02;22;75;1.68
2022;Вологодская область;13.41;8.02;23;75;1.67
2022;Красноярский край;13.18;8.02;24;75;1.64
2022;Республика Саха (Якутия);12.88;8.02;25;75;1.6
2022;Республика Башкортостан;12.67;8.02;26;75;1.58
2022;Республика Татарстан (Татарстан);12.12;8.02;27;75;1.51
2022;Воронежская область;11.9;8.02;28;75;1.48
2022;Курганская область;11.81;8.02;29;75;1.47
2022;Иркутская область;10.52;8.02;30;75;1.31
2022;Тюменская область (кроме Ханты-Мансийского автономного округа-Югры и Ямало-Ненецкого автономного округа);10.5;8.02;31;75;1.31
2022;Нижегородская область;10.45;8.02;32;75;1.3
2022;Чувашская Республика - Чувашия;10.38;8.02;33;75;1.29
2022;Белгородская область;10.04;8.02;34;75;1.25
2022;Новгородская область;9.14;8.02;35;75;1.14
2022;Омская область;8.6;8.02;36;75;1.07
2022;Пермский край;8.46;8.02;37;75;1.05
2022;Кемеровская область - Кузбасс;8.02;8.02;38;75;1.0
2022;Курская область;7.73;8.02;39;75;0.96
2022;Костромская область;7.66;8.02;40;75;0.96
2022;Краснодарский край;7.29;8.02;41;75;0.91
2022;Республика Тыва;7.07;8.02;42;75;0.88
2022;Приморский край;6.88;8.02;43;75;0.86
2022;Липецкая область;5.94;8.02;44;75;0.74
2022;Хабаровский край;5.32;8.02;45;75;0.66
2022;Томская область;5.12;8.02;46;75;0.64
2022;Амурская область;4.35;8.02;47;75;0.54
2022;Ивановская область;4.28;8.02;48;75;0.53
2022;Республика Ингушетия;3.06;8.02;49;75;0.38
2022;Республика Коми;2.7;8.02;50;75;0.34
2022;Республика Марий Эл;1.68;8.02;51;75;0.21
2022;Алтайский край;1.66;8.02;52;75;0.21
2022;Тульская область;1.21;8.02;53;75;0.15
2022;Ненецкий автономный округ (Архангельская область);-0.14;8.02;54;75;-0.02
2022;Республика Мордовия;-0.67;8.02;55;75;-0.08
2022;Челябинская область;-0.78;8.02;56;75;-0.1
2022;Псковская область;-1.53;8.02;57;75;-0.19
2022;Саратовская область;-2.23;8.02;58;75;-0.28
2022;Республика Бурятия;-3.25;8.02;59;75;-0.4
2022;Орловская область;-3.94;8.02;60;75;-0.49
2022;Сахалинская область;-5.11;8.02;61;75;-0.64
2022;Ставропольский край;-5.64;8.02;62;75;-0.7
2022;Калужская область;-7.29;8.02;63;75;-0.91
2022;Республика Калмыкия;-7.57;8.02;64;75;-0.94
2022;Ханты-Мансийский автономный округ - Югра (Тюменская область);-10.02;8.02;65;75;-1.25
2022;Чеченская Республика;-10.75;8.02;66;75;-1.34
2022;Тверская область;-10.77;8.02;67;75;-1.34
2022;Камчатский край;-11.7;8.02;68;75;-1.46
2022;Тамбовская область;-12.01;8.02;69;75;-1.5
2022;Владимирская область;-14.33;8.02;70;75;-1.79
2022;Республика Адыгея (Адыгея);-22.96;8.02;71;75;-2.86
2022;Калининградская область;-24.22;8.02;72;75;-3.02
2022;Карачаево-Черкесская Республика;-24.42;8.02;73;75;-3.04
2022;Республика Дагестан;-40.86;8.02;74;75;-5.09
2022;Кабардино-Балкарская Республика;-49.07;8.02;75;75;-6.11
2023;Астраханская область;58.76;11.16;1;75;5.27
2023;Пензенская область;50.74;11.16;2;75;4.55
2023;Магаданская область;45.15;11.16;3;75;4.05
2023;Республика Карелия;33.18;11.16;4;75;2.97
2023;Забайкальский край;32.97;11.16;5;75;2.96
2023;Челябинская область;25.51;11.16;6;75;2.29
2023;Архангельская область (кроме Ненецкого автономного округа);25.47;11.16;7;75;2.28
2023;Свердловская область;24.19;11.16;8;75;2.17
2023;Кировская область;23.32;11.16;9;75;2.09
2023;Томская область;23.24;11.16;10;75;2.08
2023;Белгородская область;23.19;11.16;11;75;2.08
2023;Рязанская область;22.93;11.16;12;75;2.06
2023;Республика Татарстан (Татарстан);21.5;11.16;13;75;1.93
2023;Воронежская область;21.45;11.16;14;75;1.92
2023;Республика Адыгея (Адыгея);20.18;11.16;15;75;1.81
2023;Орловская область;20.09;11.16;16;75;1.8
2023;Брянская область;19.81;11.16;17;75;1.78
2023;Самарская область;19.51;11.16;18;75;1.75
2023;Иркутская область;19.28;11.16;19;75;1.73
2023;Смоленская область;17.53;11.16;20;75;1.57
2023;Республика Башкортостан;17.08;11.16;21;75;1.53
2023;Нижегородская область;16.42;11.16;22;75;1.47
2023;Хабаровский край;15.63;11.16;23;75;1.4
2023;Ставропольский край;15.19;11.16;24;75;1.36
2023;Пермский край;14.57;11.16;25;75;1.31
2023;Ярославская область;14.04;11.16;26;75;1.26
2023;Удмуртская Республика;13.83;11.16;27;75;1.24
2023;Омская область;13.15;11.16;28;75;1.18
2023;Красноярский край;13.06;11.16;29;75;1.17
2023;Костромская область;12.74;11.16;30;75;1.14
2023;Ульяновская область;12.5;11.16;31;75;1.12
2023;Амурская область;12.35;11.16;32;75;1.11
2023;Новгородская область;12.31;11.16;33;75;1.1
2023;Волгоградская область;12.3;11.16;34;75;1.1
2023;Ростовская область;11.83;11.16;35;75;1.06
2023;Кемеровская область - Кузбасс;11.58;11.16;36;75;1.04
2023;Тюменская область (кроме Ханты-Мансийского автономного округа-Югры и Ямало-Ненецкого автономного округа);11.5;11.16;37;75;1.03
2023;Вологодская область;11.16;11.16;38;75;1.0
2023;Республика Саха (Якутия);10.81;11.16;39;75;0.97
2023;Еврейская автономная область;10.21;11.16;40;75;0.91
2023;Курганская область;10.1;11.16;41;75;0.91
2023;Сахалинская область;9.66;11.16;42;75;0.87
2023;Новосибирская область;8.65;11.16;43;75;0.78
2023;Курская область;8.26;11.16;44;75;0.74
2023;Республика Хакасия;8.07;11.16;45;75;0.72
2023;Краснодарский край;6.92;11.16;46;75;0.62
2023;Калужская область;4.36;11.16;47;75;0.39
2023;Чувашская Республика - Чувашия;3.91;11.16;48;75;0.35
2023;Республика Мордовия;3.55;11.16;49;75;0.32
2023;Алтайский край;3.35;11.16;50;75;0.3
2023;Саратовская область;3.18;11.16;51;75;0.29
2023;Приморский край;2.74;11.16;52;75;0.25
2023;Республика Ингушетия;2.25;11.16;53;75;0.2
2023;Республика Марий Эл;1.43;11.16;54;75;0.13
2023;Оренбургская область;0.35;11.16;55;75;0.03
2023;Тверская область;0.11;11.16;56;75;0.01
2023;Тамбовская область;-0.86;11.16;57;75;-0.08
2023;Тульская область;-0.99;11.16;58;75;-0.09
2023;Республика Крым;-1.9;11.16;59;75;-0.17
2023;Республика Бурятия;-2.21;11.16;60;75;-0.2
2023;Ивановская область;-2.34;11.16;61;75;-0.21
2023;Республика Тыва;-2.36;11.16;62;75;-0.21
2023;Республика Коми;-3.5;11.16;63;75;-0.31
2023;Липецкая область;-3.57;11.16;64;75;-0.32
2023;Республика Алтай;-6.62;11.16;65;75;-0.59
2023;Чеченская Республика;-6.94;11.16;66;75;-0.62
2023;Республика Калмыкия;-7.93;11.16;67;75;-0.71
2023;Псковская область;-9.97;11.16;68;75;-0.89
2023;Республика Дагестан;-11.93;11.16;69;75;-1.07
2023;Калининградская область;-12.87;11.16;70;75;-1.15
2023;Ненецкий автономный округ (Архангельская область);-14.18;11.16;71;75;-1.27
2023;Владимирская область;-15.9;11.16;72;75;-1.42
2023;Ханты-Мансийский автономный округ - Югра (Тюменская область);-18.75;11.16;73;75;-1.68
2023;Кабардино-Балкарская Республика;-53.01;11.16;74;75;-4.75
2023;Карачаево-Черкесская Республика;-58.97;11.16;75;75;-5.29
2024;Астраханская область;66.26;18.88;1;77;3.51
2024;Челябинская область;47.17;18.88;2;77;2.5
2024;Республика Татарстан (Татарстан);46.18;18.88;3;77;2.45
2024;Камчатский край;41.01;18.88;4;77;2.17
2024;Архангельская область (кроме Ненецкого автономного округа);40.39;18.88;5;77;2.14
2024;Еврейская автономная область;32.72;18.88;6;77;1.73
2024;Забайкальский край;32.23;18.88;7;77;1.71
2024;Пензенская область;32.23;18.88;8;77;1.71
2024;Свердловская область;32.11;18.88;9;77;1.7
2024;Кировская область;31.86;18.88;10;77;1.69
2024;Томская область;31.26;18.88;11;77;1.66
2024;Воронежская область;30.11;18.88;12;77;1.59
2024;Рязанская область;29.34;18.88;13;77;1.55
2024;Республика Карелия;28.8;18.88;14;77;1.53
2024;Волгоградская область;28.55;18.88;15;77;1.51
2024;Хабаровский край;28.49;18.88;16;77;1.51
2024;Ярославская область;28.43;18.88;17;77;1.51
2024;Смоленская область;28.21;18.88;18;77;1.49
2024;Курганская область;27.97;18.88;19;77;1.48
2024;Нижегородская область;26.34;18.88;20;77;1.39
2024;Белгородская область;25.53;18.88;21;77;1.35
2024;Иркутская область;24.84;18.88;22;77;1.32
2024;Республика Крым;24.08;18.88;23;77;1.28
2024;Брянская область;23.93;18.88;24;77;1.27
2024;Тюменская область (кроме Ханты-Мансийского автономного округа-Югры и Ямало-Ненецкого автономного округа);23.67;18.88;25;77;1.25
2024;Омская область;23.19;18.88;26;77;1.23
2024;Новосибирская область;22.37;18.88;27;77;1.18
2024;Республика Башкортостан;21.57;18.88;28;77;1.14
2024;Магаданская область;21.47;18.88;29;77;1.14
2024;Красноярский край;21.37;18.88;30;77;1.13
2024;Республика Марий Эл;21.06;18.88;31;77;1.12
2024;Ставропольский край;21.02;18.88;32;77;1.11
2024;Республика Мордовия;19.79;18.88;33;77;1.05
2024;Костромская область;19.69;18.88;34;77;1.04
2024;Амурская область;19.51;18.88;35;77;1.03
2024;Орловская область;19.39;18.88;36;77;1.03
2024;Самарская область;19.1;18.88;37;77;1.01
2024;Тверская область;19.1;18.88;38;77;1.01
2024;Алтайский край;18.88;18.88;39;77;1.0
2024;Республика Адыгея (Адыгея);18.54;18.88;40;77;0.98
2024;Ростовская область;17.59;18.88;41;77;0.93
2024;Чувашская Республика - Чувашия;17.57;18.88;42;77;0.93
2024;Приморский край;17.47;18.88;43;77;0.93
2024;Удмуртская Республика;17.25;18.88;44;77;0.91
2024;Республика Саха (Якутия);16.97;18.88;45;77;0.9
2024;Пермский край;16.51;18.88;46;77;0.87
2024;Республика Алтай;15.29;18.88;47;77;0.81
2024;Краснодарский край;14.55;18.88;48;77;0.77
2024;Курская область;12.49;18.88;49;77;0.66
2024;Ульяновская область;11.9;18.88;50;77;0.63
2024;Новгородская область;11.3;18.88;51;77;0.6
2024;Республика Хакасия;10.66;18.88;52;77;0.56
2024;Республика Коми;10.04;18.88;53;77;0.53
2024;Ханты-Мансийский автономный округ - Югра (Тюменская область);9.74;18.88;54;77;0.52
2024;Кемеровская область - Кузбасс;8.57;18.88;55;77;0.45
2024;Сахалинская область;6.23;18.88;56;77;0.33
2024;Чеченская Республика;5.86;18.88;57;77;0.31
2024;Саратовская область;5.33;18.88;58;77;0.28
2024;Оренбургская область;3.26;18.88;59;77;0.17
2024;Тульская область;2.54;18.88;60;77;0.13
2024;Тамбовская область;1.99;18.88;61;77;0.11
2024;Вологодская область;0.24;18.88;62;77;0.01
2024;Республика Тыва;-0.76;18.88;63;77;-0.04
2024;Калужская область;-1.29;18.88;64;77;-0.07
2024;Ненецкий автономный округ (Архангельская область);-1.58;18.88;65;77;-0.08
2024;Республика Бурятия;-1.76;18.88;66;77;-0.09
2024;Калининградская область;-2.43;18.88;67;77;-0.13
2024;Владимирская область;-2.62;18.88;68;77;-0.14
2024;Республика Ингушетия;-4.08;18.88;69;77;-0.22
2024;Ямало-Ненецкий автономный округ (Тюменская область);-6.1;18.88;70;77;-0.32
2024;Липецкая область;-7.05;18.88;71;77;-0.37
2024;Кабардино-Балкарская Республика;-9.24;18.88;72;77;-0.49
2024;Республика Дагестан;-10.23;18.88;73;77;-0.54
2024;Республика Калмыкия;-12.4;18.88;74;77;-0.66
2024;Ивановская область;-12.79;18.88;75;77;-0.68
2024;Псковская область;-18.95;18.88;76;77;-1.0
2024;Карачаево-Черкесская Республика;-28.61;18.88;77;77;-1.52
2025;Астраханская область;81.12;17.84;1;76;4.55
2025;Челябинская область;52.37;17.84;2;76;2.94
2025;Республика Татарстан (Татарстан);50.94;17.84;3;76;2.86
2025;Омская область;38.06;17.84;4;76;2.13
2025;Еврейская автономная область;37.85;17.84;5;76;2.12
2025;Республика Саха (Якутия);37.17;17.84;6;76;2.08
2025;Камчатский край;35.66;17.84;7;76;2.0
2025;Чувашская Республика - Чувашия;35.0;17.84;8;76;1.96
2025;Алтайский край;34.24;17.84;9;76;1.92
2025;Томская область;34.17;17.84;10;76;1.92
2025;Республика Карелия;34.16;17.84;11;76;1.92
2025;Свердловская область;34.07;17.84;12;76;1.91
2025;Смоленская область;33.84;17.84;13;76;1.9
2025;Кировская область;32.34;17.84;14;76;1.81
2025;Хабаровский край;31.45;17.84;15;76;1.76
2025;Волгоградская область;31.43;17.84;16;76;1.76
2025;Мурманская область;30.87;17.84;17;76;1.73
2025;Удмуртская Республика;30.85;17.84;18;76;1.73
2025;Курганская область;30.47;17.84;19;76;1.71
2025;Рязанская область;29.92;17.84;20;76;1.68
2025;Республика Адыгея (Адыгея);29.33;17.84;21;76;1.64
2025;Тюменская область (кроме Ханты-Мансийского автономного округа-Югры и Ямало-Ненецкого автономного округа);27.66;17.84;22;76;1.55
2025;Магаданская область;27.48;17.84;23;76;1.54
2025;Забайкальский край;27.46;17.84;24;76;1.54
2025;Республика Башкортостан;26.69;17.84;25;76;1.5
2025;Кемеровская область - Кузбасс;26.62;17.84;26;76;1.49
2025;Нижегородская область;26.19;17.84;27;76;1.47
2025;Орловская область;25.45;17.84;28;76;1.43
2025;Архангельская область (кроме Ненецкого автономного округа);25.17;17.84;29;76;1.41
2025;Республика Марий Эл;24.55;17.84;30;76;1.38
2025;Тверская область;23.71;17.84;31;76;1.33
2025;Ульяновская область;23.03;17.84;32;76;1.29
2025;Иркутская область;22.86;17.84;33;76;1.28
2025;Новосибирская область;22.19;17.84;34;76;1.24
2025;Сахалинская область;18.52;17.84;35;76;1.04
2025;Тамбовская область;18.5;17.84;36;76;1.04
2025;Приморский край;18.12;17.84;37;76;1.02
2025;Пензенская область;17.96;17.84;38;76;1.01
2025;Ставропольский край;17.71;17.84;39;76;0.99
2025;Самарская область;17.69;17.84;40;76;0.99
2025;Воронежская область;17.38;17.84;41;76;0.97
2025;Красноярский край;17.27;17.84;42;76;0.97
2025;Республика Мордовия;17.27;17.84;43;76;0.97
2025;Амурская область;17.24;17.84;44;76;0.97
2025;Ярославская область;17.02;17.84;45;76;0.95
2025;Пермский край;15.89;17.84;46;76;0.89
2025;Ростовская область;15.62;17.84;47;76;0.88
2025;Ханты-Мансийский автономный округ - Югра (Тюменская область);15.51;17.84;48;76;0.87
2025;Брянская область;15.03;17.84;49;76;0.84
2025;Республика Хакасия;14.28;17.84;50;76;0.8
2025;Новгородская область;14.21;17.84;51;76;0.8
2025;Республика Коми;14.04;17.84;52;76;0.79
2025;Краснодарский край;13.6;17.84;53;76;0.76
2025;Оренбургская область;13.6;17.84;54;76;0.76
2025;Саратовская область;12.75;17.84;55;76;0.71
2025;Республика Алтай;9.71;17.84;56;76;0.54
2025;Курская область;9.35;17.84;57;76;0.52
2025;Белгородская область;8.37;17.84;58;76;0.47
2025;Вологодская область;8.31;17.84;59;76;0.47
2025;Республика Тыва;7.09;17.84;60;76;0.4
2025;Республика Крым;6.81;17.84;61;76;0.38
2025;Республика Бурятия;2.98;17.84;62;76;0.17
2025;Чеченская Республика;2.13;17.84;63;76;0.12
2025;Липецкая область;-0.31;17.84;64;76;-0.02
2025;Владимирская область;-0.35;17.84;65;76;-0.02
2025;Тульская область;-3.29;17.84;66;76;-0.18
2025;Калининградская область;-4.07;17.84;67;76;-0.23
2025;Калужская область;-4.65;17.84;68;76;-0.26
2025;Республика Ингушетия;-6.39;17.84;69;76;-0.36
2025;Ямало-Ненецкий автономный округ (Тюменская область);-8.08;17.84;70;76;-0.45
2025;Кабардино-Балкарская Республика;-8.5;17.84;71;76;-0.48
2025;Республика Калмыкия;-9.68;17.84;72;76;-0.54
2025;Псковская область;-14.44;17.84;73;76;-0.81
2025;Ивановская область;-14.81;17.84;74;76;-0.83
2025;Карачаево-Черкесская Республика;-21.8;17.84;75;76;-1.22
2025;Республика Дагестан;-29.9;17.84;76;76;-1.68
2026;Астраханская область;96.36;21.33;1;76;4.52
2026;Мурманская область;60.95;21.33;2;76;2.86
2026;Республика Алтай;49.27;21.33;3;76;2.31
2026;Омская область;43.58;21.33;4;76;2.04
2026;Алтайский край;42.04;21.33;5;76;1.97
2026;Свердловская область;41.4;21.33;6;76;1.94
2026;Волгоградская область;39.77;21.33;7;76;1.86
2026;Республика Адыгея (Адыгея);39.54;21.33;8;76;1.85
2026;Челябинская область;38.03;21.33;9;76;1.78
2026;Кемеровская область - Кузбасс;37.89;21.33;10;76;1.78
2026;Рязанская область;35.31;21.33;11;76;1.65
2026;Иркутская область;34.11;21.33;12;76;1.6
2026;Курганская область;33.89;21.33;13;76;1.59
2026;Томская область;32.22;21.33;14;76;1.51
2026;Белгородская область;32.06;21.33;15;76;1.5
2026;Камчатский край;31.14;21.33;16;76;1.46
2026;Республика Татарстан (Татарстан);30.0;21.33;17;76;1.41
2026;Ярославская область;29.94;21.33;18;76;1.4
2026;Республика Башкортостан;29.65;21.33;19;76;1.39
2026;Удмуртская Республика;29.12;21.33;20;76;1.36
2026;Кировская область;28.01;21.33;21;76;1.31
2026;Новгородская область;27.95;21.33;22;76;1.31
2026;Хабаровский край;27.89;21.33;23;76;1.31
2026;Брянская область;27.72;21.33;24;76;1.3
2026;Ханты-Мансийский автономный округ - Югра (Тюменская область);27.51;21.33;25;76;1.29
2026;Архангельская область (кроме Ненецкого автономного округа);27.4;21.33;26;76;1.28
2026;Смоленская область;26.91;21.33;27;76;1.26
2026;Ульяновская область;26.37;21.33;28;76;1.24
2026;Тульская область;24.8;21.33;29;76;1.16
2026;Орловская область;24.61;21.33;30;76;1.15
2026;Республика Марий Эл;23.83;21.33;31;76;1.12
2026;Амурская область;23.61;21.33;32;76;1.11
2026;Тверская область;23.14;21.33;33;76;1.08
2026;Республика Хакасия;22.77;21.33;34;76;1.07
2026;Сахалинская область;22.74;21.33;35;76;1.07
2026;Чувашская Республика - Чувашия;22.6;21.33;36;76;1.06
2026;Магаданская область;21.88;21.33;37;76;1.03
2026;Тюменская область (кроме Ханты-Мансийского автономного округа-Югры и Ямало-Ненецкого автономного округа);21.85;21.33;38;76;1.02
2026;Забайкальский край;20.82;21.33;39;76;0.98
2026;Красноярский край;20.7;21.33;40;76;0.97
2026;Приморский край;20.11;21.33;41;76;0.94
2026;Республика Карелия;19.69;21.33;42;76;0.92
2026;Краснодарский край;19.55;21.33;43;76;0.92
2026;Тамбовская область;18.89;21.33;44;76;0.89
2026;Пензенская область;18.06;21.33;45;76;0.85
2026;Нижегородская область;17.36;21.33;46;76;0.81
2026;Оренбургская область;16.63;21.33;47;76;0.78
2026;Саратовская область;16.25;21.33;48;76;0.76
2026;Ставропольский край;15.47;21.33;49;76;0.73
2026;Ненецкий автономный округ (Архангельская область);15.47;21.33;50;76;0.72
2026;Ростовская область;14.81;21.33;51;76;0.69
2026;Республика Коми;14.45;21.33;52;76;0.68
2026;Воронежская область;13.6;21.33;53;76;0.64
2026;Вологодская область;13.41;21.33;54;76;0.63
2026;Самарская область;13.33;21.33;55;76;0.62
2026;Пермский край;13.09;21.33;56;76;0.61
2026;Курская область;12.98;21.33;57;76;0.61
2026;Республика Бурятия;12.82;21.33;58;76;0.6
2026;Новосибирская область;12.52;21.33;59;76;0.59
2026;Республика Мордовия;12.35;21.33;60;76;0.58
2026;Калужская область;11.8;21.33;61;76;0.55
2026;Костромская область;10.66;21.33;62;76;0.5
2026;Липецкая область;9.87;21.33;63;76;0.46
2026;Республика Саха (Якутия);9.75;21.33;64;76;0.46
2026;Кабардино-Балкарская Республика;9.18;21.33;65;76;0.43
2026;Республика Тыва;3.28;21.33;66;76;0.15
2026;Калининградская область;3.16;21.33;67;76;0.15
2026;Владимирская область;1.97;21.33;68;76;0.09
2026;Ямало-Ненецкий автономный округ (Тюменская область);-3.45;21.33;69;76;-0.16
2026;Республика Ингушетия;-4.4;21.33;70;76;-0.21
2026;Чеченская Республика;-5.63;21.33;71;76;-0.26
2026;Республика Калмыкия;-6.32;21.33;72;76;-0.3
2026;Ивановская область;-9.17;21.33;73;76;-0.43
2026;Псковская область;-11.46;21.33;74;76;-0.54
2026;Карачаево-Черкесская Республика;-14.92;21.33;75;76;-0.7
2026;Республика Дагестан;-18.86;21.33;76;76;-0.88
