sample,outcome,feature,auc,lo,hi,n,pos
2025–2026,delayed,pd_12m,0.51,0.32,0.69,56,35
2025–2026,delayed,pd_rate,0.48,0.29,0.67,57,35
2025–2026,delayed,horizon_m,0.52,0.35,0.67,57,35
2025–2026,delayed,log_flats,0.53,0.36,0.68,57,35
2025–2026,delayed,unsold,0.37,0.21,0.56,57,35
2025–2026,delayed,dev_loo,0.77,0.32,1.0,19,13
2025–2026,d3,pd_12m,0.58,0.41,0.73,56,22
2025–2026,d3,pd_rate,0.48,0.32,0.63,57,22
2025–2026,d3,horizon_m,0.53,0.37,0.7,57,22
2025–2026,d3,log_flats,0.57,0.39,0.72,57,22
2025–2026,d3,unsold,0.53,0.36,0.73,57,22
2025–2026,d3,dev_loo,0.79,0.61,0.93,19,7
2023–2026,delayed,pd_12m,0.57,0.44,0.69,117,41
2023–2026,delayed,pd_rate,0.56,0.42,0.67,118,41
2023–2026,delayed,horizon_m,0.6,0.47,0.71,120,41
2023–2026,delayed,log_flats,0.5,0.36,0.63,120,41
2023–2026,delayed,unsold,0.53,0.38,0.67,120,41
2023–2026,delayed,dev_loo,0.8,0.57,0.94,63,17
2023–2026,d3,pd_12m,0.59,0.44,0.72,117,25
2023–2026,d3,pd_rate,0.51,0.37,0.65,118,25
2023–2026,d3,horizon_m,0.6,0.46,0.73,120,25
2023–2026,d3,log_flats,0.54,0.39,0.69,120,25
2023–2026,d3,unsold,0.59,0.42,0.76,120,25
2023–2026,d3,dev_loo,0.89,0.71,0.98,63,7
