rpdNum,devInn,devName,n_obj,flats,delayed,delay_m,P,ready,pd_12m,pd_rate,horizon_m,unsold,d3,log_flats,yr
16-000881,1655290687,СЗ АМГ,1,230,0,0.0,2023-02-17,2023-02-17,19.0,1.3824279475982533,43.65965834428384,0.20111463708365895,0,5.438079308923196,2023
16-000988,1655297266,АВАЛОН СИТИ,1,384,1,15.591327201051248,2023-03-31,2024-07-18,13.0,1.2038418079096045,35.05256241787122,0.35756182807912396,1,5.950642552587727,2024
16-001000,1660320312,КС КАЗАНЬ СЗ,1,363,0,0.0,2023-03-28,2023-03-28,37.0,2.7254418604651165,34.19842312746386,0.17644060638716197,0,5.8944028342648505,2023
16-001070,1655401301,СЗ ХАУСДЕВЕЛОПМЕНТ,1,12,0,0.0,2023-06-26,2023-06-26,9.0,1.1369156626506025,33.24572930354796,0.371925614877025,0,2.4849066497880004,2023
16-001074,1655419718,СЗ ЖК СМОРОДИНА,1,382,0,0.0,2023-06-07,2023-06-07,13.0,1.1693184634448577,32.49014454664914,0.031005770214008965,0,5.945420608606575,2023
16-001125,1655252709,СЗ СК АЙ КЬЮ ДЕВЕЛОПМЕНТ,1,462,0,0.0,2023-08-12,2023-08-12,16.0,1.3545611866501854,32.52299605781866,0.006372553968025052,0,6.135564891081739,2023
16-001126,1624445443,СЗ АЙ-КЬЮ ДЕВЕЛОПМЕНТ,1,358,0,0.0,2023-07-28,2023-07-28,14.0,1.268333333333333,31.964520367936924,0.10760050697830603,0,5.8805329864007,2023
16-001135,1655422661,СЗ СТАНЦИЯ СПОРТИВНАЯ,1,162,0,0.0,2023-02-21,2023-02-21,20.0,1.79343949044586,26.6754270696452,0.298893498432403,0,5.087596335232384,2023
16-001169,1655422661,СЗ СТАНЦИЯ СПОРТИВНАЯ,1,162,0,0.0,2023-01-17,2023-01-17,23.0,1.8465441176470587,23.915900131406044,0.126522357659559,0,5.087596335232384,2023
16-001180,1655326333,СЗ РОКСА,1,279,0,0.0,2023-06-08,2023-06-08,18.0,1.551664167916042,27.890932982917214,0.16690394687611398,0,5.631211781821365,2023
16-001203,1658047987,СЗ ТЭКОРЕСУРС,1,56,0,0.0,2023-02-01,2023-02-01,16.0,1.7343025540275052,22.766097240473066,0.050571337882876044,0,4.02535169073515,2023
16-001211,1658217565,СЗ СВЕТЛАЯ ДОЛИНА 2,1,480,0,0.0,2023-08-14,2023-08-14,13.0,1.36561505065123,28.64651773981603,0.14601349477400405,0,6.173786103901937,2023
16-001223,1655401319,СЗ ИМПУЛЬС ГРУПП,1,42,1,0.3942181340341655,2023-09-30,2023-10-12,19.0,1.5599445983379503,29.7634691195795,0.06214142846292103,0,3.7376696182833684,2023
16-001233,1656078980,СПЕЦЗАСТРОЙЩИК ТСИ,1,396,0,0.0,2023-03-09,2023-03-09,20.0,2.06873786407767,22.864651773981603,0.697734849738728,0,5.981414211254481,2023
16-001390,1655428494,СЗ ВРЕМЕНА ГОДА,4,495,0,0.0,2024-03-28,2024-03-28,21.0,1.607875150060024,33.3442838370565,0.695364890361601,0,6.20455776256869,2024
16-001398,1660313308,СЗ СТРОЙУСЛУГИ-2,1,208,0,0.0,2023-02-03,2023-02-03,24.0,2.10970297029703,19.31668856767412,0.32025033156498695,0,5.337538079701318,2023
16-001408,1655252709,СЗ СК АЙ КЬЮ ДЕВЕЛОПМЕНТ,1,225,0,0.0,2023-12-06,2023-12-06,14.0,1.439140401146132,28.94218134034165,0.07318269073047001,0,5.41610040220442,2023
16-001409,1658219322,СЗ ДУБРАВА,1,150,0,0.0,2023-08-23,2023-08-23,18.0,1.6911111111111112,25.45992115637319,0.13739496644971505,0,5.0106352940962555,2023
16-001414,1660075460,СЗ СТРОЙУСЛУГИ,1,189,0,0.0,2023-05-31,2023-05-31,21.0,1.7833535353535357,22.24047306176084,0.24161858186963303,0,5.241747015059643,2023
16-001415,1655396732,СЗ АРТ ДЕВЕЛОПМЕНТ,1,13,0,0.0,2023-04-05,2023-04-05,19.0,1.6833179723502305,20.2365308804205,0.08124144226380603,0,2.5649493574615367,2023
16-001418,1657246524,СЗ СК УНИСТРОЙДОМ-4,1,458,0,0.0,2023-06-16,2023-06-16,23.0,1.993095238095238,22.536136662286463,0.30132193611470204,0,6.126869184114185,2023
16-001420,1658219322,СЗ ДУБРАВА,1,150,0,0.0,2023-08-17,2023-08-17,18.0,1.5357117117117118,24.178712220762154,0.07703467870312497,0,5.0106352940962555,2023
16-001423,1657261339,СЗ ЭТАЛОН КВАРТАЛ СЮИТА,1,201,0,0.0,2023-09-15,2023-09-15,15.0,1.2197212543554008,24.901445466491456,0.0,0,5.303304908059076,2023
16-001427,5044119820,СЗ ОДА ПРЕМИУМ РЕГИОН,2,126,0,0.0,2023-03-30,2023-03-30,21.0,2.0189795918367346,18.823915900131404,0.26111916908682203,0,4.836281906951478,2023
16-001430,1659143147,СЗ СК УНИСТРОЙДОМ,1,324,0,0.0,2023-09-14,2023-09-14,25.0,1.8817454545454544,24.113009198423125,0.16156904071894895,0,5.780743515792329,2023
16-001431,1655424531,СЗ ЖК ЭВОЛЮЦИЯ,1,68,0,0.0,2023-02-21,2023-02-21,16.0,1.4282697947214078,17.24704336399474,0.10175460979573203,0,4.219507705176107,2023
16-001440,1660313298,СЗ СТРОЙУСЛУГИ-1,1,249,0,0.0,2023-06-14,2023-06-14,19.0,1.920280373831776,20.03942181340341,0.19816990239057697,0,5.517452896464707,2023
16-001441,1616033823,СЗ ИДЕЛЬСТРОЙ,1,309,1,8.886990801576873,2024-09-30,2025-06-27,19.0,1.6343624161073826,35.41392904073587,0.390534521040779,1,5.733341276897746,2025
16-001443,1660348580,СЗ ТЕКТУМ,1,690,0,0.0,2024-02-21,2024-02-21,16.0,1.453850746268657,28.055190538764784,0.04185819322833195,0,6.536691597591305,2024
16-001452,1656078980,СПЕЦЗАСТРОЙЩИК ТСИ,1,288,0,0.0,2023-09-29,2023-09-29,17.0,1.495088408644401,22.766097240473066,0.38295800214447195,0,5.662960480135946,2023
16-001453,1656078980,СПЕЦЗАСТРОЙЩИК ТСИ,1,288,0,0.0,2023-08-24,2023-08-24,17.0,1.662689075630252,21.58344283837057,0.76914378241368,0,5.662960480135946,2023
16-001471,1657202333,СЗ СВЕТЛАЯ ДОЛИНА,1,320,0,0.0,2023-02-28,2023-02-28,12.0,1.3836363636363636,14.71747700394218,0.152550714875894,0,5.768320995793772,2023
16-001472,1657202333,СЗ СВЕТЛАЯ ДОЛИНА,1,320,0,0.0,2023-02-28,2023-02-28,12.0,1.3836363636363636,14.71747700394218,0.15642370379675297,0,5.768320995793772,2023
16-001477,1656119516,СЗ ЖК РАКЕТА,1,299,0,0.0,2023-02-09,2023-02-09,11.0,1.3836363636363638,13.994743758212875,0.38093647737410696,0,5.700443573390687,2023
16-001482,1655386526,СЗ СК КАЗАНЬ,1,573,0,0.0,2024-12-26,2024-12-26,16.0,1.471824175824176,35.90670170827858,0.020793684210525964,0,6.35088571671474,2024
16-001486,1659182682,СЗ КАЗ ДОМ СТРОЙ,1,97,0,0.0,2023-12-18,2023-12-18,11.0,0.9932437619961614,23.12746386333772,0.24754756255083799,0,4.574710978503383,2023
16-001498,1660212500,СЗ МОЙ РИТМ 3,2,546,1,3.788436268068331,2024-12-31,2025-04-24,14.0,1.2798636363636364,34.95400788436268,0.096683842249559,1,6.302618975744905,2025
16-001507,1659171352,СЗ СМУ88 ДЕВЕЛОПМЕНТ,1,681,0,0.0,2025-02-04,2025-02-04,19.0,1.4431312017640574,35.84099868593955,0.16581132995914405,0,6.523562306149512,2025
16-001508,1657267845,СЗ ИЗУМРУДНЫЙ,1,216,1,11.9526938239159,2023-06-30,2024-06-29,19.0,1.7850617283950618,16.62286465177398,0.16321658225268698,1,5.375278407684165,2024
16-001510,1660364373,СЗ АРТ-СТРОЙДОМ,1,171,0,0.0,2023-12-13,2023-12-13,20.0,1.4465289256198348,21.911957950065705,0.14246129889163694,0,5.14166355650266,2023
16-001515,1655424588,СЗ ДОМ НА ГАГАРИНА,1,56,1,4.492772667542707,2023-09-30,2024-02-15,14.0,1.1618320610687023,18.95532194480946,0.0,1,4.02535169073515,2024
16-001536,1655392061,СЗ БИЗНЕС ПАРК,1,404,0,0.0,2024-12-27,2024-12-27,20.0,1.729963724304716,33.18002628120893,0.084143339051021,0,6.0014148779611505,2024
16-001554,1655252709,СЗ СК АЙ КЬЮ ДЕВЕЛОПМЕНТ,1,996,0,0.0,2025-07-01,2025-07-01,18.0,1.3194758064516128,38.534822601839686,0.04593029183006303,0,6.903747257584598,2025
16-001556,1655270793,СЗ ДСК,1,144,0,0.0,2024-05-07,2024-05-07,17.0,1.5085309734513277,24.540078843626805,0.07441015598074896,0,4.969813299576001,2024
16-001564,1660295320,СЗ АК ТАШ-ИНВЕСТСТРОЙ,1,181,0,0.0,2023-12-26,2023-12-26,21.0,1.7561538461538462,19.678055190538764,0.05804473659857401,0,5.198497031265826,2023
16-001568,1656111348,СЗ ТРИО,1,108,0,0.0,2023-01-31,2023-01-31,4.0,1.6021052631578947,8.541392904073588,0.16588754718126197,0,4.68213122712422,2023
16-001578,1655444560,СЗ СК КАЗАНЬ-2,1,270,1,2.9855453350854138,2025-09-30,2025-12-30,17.0,1.3955300859598856,40.44021024967148,0.023208517486268954,0,5.598421958998375,2025
16-001587,1655079910,СЗ АЛТЫН,3,479,1,2.8869908015768724,2024-09-30,2024-12-27,24.0,1.9842370370370368,28.21944809461235,0.09161457835971099,0,6.171700597410915,2024
16-001593,1660188671,СЗ ГРАНЬ ДЕВЕЛОПМЕНТ,1,144,0,0.0,2023-09-27,2023-09-27,12.0,1.2639446366782008,15.538764783180026,0.38793895287218205,0,4.969813299576001,2023
16-001596,1658220367,СЗ МИКРОРАЙОН М1,2,472,1,3.788436268068331,2024-12-31,2025-04-24,13.0,1.1002409638554218,30.584756898817343,0.08208006012352104,1,6.156978985585555,2025
16-001599,1655401319,СЗ ИМПУЛЬС ГРУПП,1,76,0,0.0,2025-03-29,2025-03-29,17.0,1.6365591397849462,33.44283837056504,0.242559680205919,0,4.330733340286331,2025
16-001611,1656108257,СЗ СФ БРИЗ,1,144,0,0.0,2023-12-30,2023-12-30,14.0,1.2475409836065574,18.03547963206308,0.180016616873943,0,4.969813299576001,2023
16-001617,1656108257,СЗ СФ БРИЗ,1,160,0,0.0,2024-09-30,2024-09-30,18.0,1.4291079812206573,27.036793692509853,0.10259198378370804,0,5.075173815233827,2024
16-001620,1656078980,СПЕЦЗАСТРОЙЩИК ТСИ,1,263,0,0.0,2024-02-26,2024-02-26,20.0,1.7352969121140145,19.87516425755585,0.116495342198779,0,5.572154032177765,2024
16-001623,1655396725,СЗ АРТГРАД,1,88,0,0.0,2024-12-19,2024-12-19,17.0,1.7357997218358834,29.63206307490145,0.13542191765780398,0,4.477336814478207,2024
16-001632,1655456090,СЗ СТАНЦИЯ СПОРТИВНАЯ-2,1,803,1,4.624178712220762,2025-06-30,2025-11-19,22.0,1.7529125138427466,35.64388961892247,0.57092771932521,1,6.688354713946762,2025
16-001644,1658218590,СЗ ТРИУМФ,1,43,0,0.0,2025-10-24,2025-10-24,11.0,0.996547619047619,39.12614980289093,0.9885634719484339,0,3.7612001156935624,2025
16-001659,1660295320,СЗ АК ТАШ-ИНВЕСТСТРОЙ,1,172,0,0.0,2023-12-26,2023-12-26,18.0,1.6704878048780487,16.78712220762155,0.108830326301539,0,5.147494476813453,2023
16-001662,1686005435,СЗ АЛЬЯНС 2,1,160,0,0.0,2024-06-29,2024-06-29,17.0,1.5703174603174603,22.568988173455978,0.20630867298535405,0,5.075173815233827,2024
16-001713,1660363355,СЗ МТ-ДЕВЕЛОПМЕНТ,2,940,1,5.065703022339028,2026-03-31,2026-09-02,20.0,1.7153130590339891,42.70696452036793,0.04084715901802349,1,6.84587987526405,2026
16-001716,1658239142,СПЕЦЗАСТРОЙЩИК ДИНАСТИЯ,1,193,0,0.0,2024-12-17,2024-12-17,17.0,1.5971604938271604,27.299605781865964,0.049185038867695985,0,5.262690188904886,2024
16-001717,1655141117,СЗ СК АРКАДА,3,221,1,5.624178712220762,2025-09-30,2026-03-19,18.0,1.576181229773463,36.49802890932983,0.516504580759111,1,5.3981627015177525,2026
16-001719,1658239142,СПЕЦЗАСТРОЙЩИК ДИНАСТИЯ,1,193,0,0.0,2024-12-17,2024-12-17,16.0,1.4837106918238994,26.9053876478318,0.076872242354325,0,5.262690188904886,2024
16-001721,1683004909,СЗ КАШТАН,2,253,0,0.0,2025-03-26,2025-03-26,22.0,1.957154582763338,29.96057818659658,0.51888145781767,0,5.53338948872752,2025
16-001726,1656111348,СЗ ТРИО,1,108,0,0.0,2023-01-31,2023-01-31,,,4.106438896189225,0.647737406670027,0,4.68213122712422,2023
16-001731,1657246524,СЗ СК УНИСТРОЙДОМ-4,1,374,0,0.0,2024-08-06,2024-08-06,20.0,1.8390833333333327,21.74770039421813,0.05872510420603205,0,5.924255797414532,2024
16-001739,1655432758,СЗ СКАЗОЧНЫЙ ЛЕС,1,552,1,4.821287779237845,2025-06-30,2025-11-25,20.0,1.7105491698595148,31.701708278580814,0.356690576107332,1,6.313548046277095,2025
16-001740,1655079910,СЗ АЛТЫН,3,502,1,8.854139290407359,2024-12-31,2025-09-26,22.0,1.8027072758037224,25.45992115637319,0.010753048933922038,1,6.218600119691729,2025
16-001741,1658223150,СЗ СВЕТЛАЯ ДОЛИНА 16,1,99,0,0.0,2023-12-22,2023-12-22,10.0,1.442654028436019,12.943495400788436,0.08360291123674402,0,4.59511985013459,2023
16-001742,1658223150,СЗ СВЕТЛАЯ ДОЛИНА 16,1,250,0,0.0,2024-08-19,2024-08-19,14.0,1.3439293598233994,20.86070959264126,0.09176187581949302,0,5.521460917862246,2024
16-001743,1658223150,СЗ СВЕТЛАЯ ДОЛИНА 16,1,160,0,0.0,2023-12-22,2023-12-22,9.0,1.298388625592417,12.943495400788436,0.032849250999796964,0,5.075173815233827,2023
16-001747,1655327168,СЗ СПТ,1,10,1,1.7227332457293034,2023-12-31,2024-02-22,12.0,1.7230188679245284,13.009198423127463,0.583639530310692,0,2.302585092994046,2024
16-001748,1655252120,СЗ ПСК СМУ88,1,243,1,0.3942181340341655,2025-12-31,2026-01-12,19.0,1.8722375397667024,37.023653088042046,0.275517946090729,0,5.493061443340548,2026
16-001750,1658219322,СЗ ДУБРАВА,1,411,0,0.0,2025-12-24,2025-12-24,15.0,1.3747096774193548,36.563731931668855,0.05120662009097998,0,6.018593214496234,2025
16-001761,1658047987,СЗ ТЭКОРЕСУРС,2,43,0,0.0,2025-02-28,2025-02-28,22.0,2.039530988274707,25.65703022339028,0.1610434695404,0,3.7612001156935624,2025
16-001769,1660313322,СЗ СТРОЙУСЛУГИ-3,1,272,0,0.0,2025-08-04,2025-08-04,32.0,2.5503783783783787,30.256241787122207,0.21700839506797698,0,5.605802066295998,2025
16-001771,1657261138,СЗ ЭТАЛОН ГРИН,1,170,0,0.0,2024-12-27,2024-12-27,18.0,1.54578125,22.831800262812088,0.06316622927162596,0,5.135798437050262,2024
16-001772,1660352530,СЗ ЖБИ-3 ИНВЕСТ,1,149,1,1.6570302233902758,2024-12-31,2025-02-20,18.0,1.6178740157480314,22.733245729303547,0.010807813635647978,0,5.003946305945459,2025
16-001773,1657270622,СЗ ОДА РЕГИОН ПЛЮС,1,247,0,0.0,2024-10-21,2024-10-21,15.0,1.3931350114416476,20.367936925098554,0.0,0,5.5093883366279774,2024
16-001777,1658223150,СЗ СВЕТЛАЯ ДОЛИНА 16,1,480,0,0.0,2025-05-07,2025-05-07,14.0,1.1879024390243902,26.149802890932985,0.151871325174611,0,6.173786103901937,2025
16-001779,1657261339,СЗ ЭТАЛОН КВАРТАЛ СЮИТА,1,188,0,0.0,2026-01-28,2026-01-28,21.0,1.8028246013667424,34.88830486202365,0.20727270971915202,0,5.236441962829949,2026
16-001785,1624017381,СЗ СТРОЙРЕСУРС ИНВЕСТ,1,62,1,3.42706964520368,2025-06-30,2025-10-13,16.0,1.487145038167939,27.496714848883048,0.544032907575718,1,4.127134385045092,2025
16-001786,1655439930,СЗ МИКРОРАЙОН 7А,1,91,0,0.0,2025-12-24,2025-12-24,12.0,1.1055690072639226,33.14717477003942,0.566301666234332,0,4.51085950651685,2025
16-001788,1659210428,СЗ ГАРАНТ,1,29,0,0.0,2024-12-26,2024-12-26,20.0,1.6127152317880795,20.89356110381077,0.319613618210863,0,3.367295829986474,2024
16-001793,1655079910,СЗ АЛТЫН,2,351,1,5.854139290407359,2025-06-30,2025-12-26,22.0,1.6666022544283414,26.379763469119577,0.007684955132222504,1,5.860786223465865,2025
16-001802,1658239142,СПЕЦЗАСТРОЙЩИК ДИНАСТИЯ,1,221,1,1.9855453350854133,2025-03-31,2025-05-30,17.0,1.46112,22.404730617608408,0.09699374075657596,0,5.3981627015177525,2025
16-001814,1660313298,СЗ СТРОЙУСЛУГИ-1,1,214,0,0.0,2024-12-20,2024-12-20,31.0,2.7821505376344087,18.23258869908016,0.153149199897176,0,5.365976015021851,2024
16-001816,1655482935,СЗ ВОЛЖСКИЙ ПРОСТОР,1,264,1,4.657030223390276,2025-12-31,2026-05-20,24.0,1.8947767253044656,30.321944809461232,0.445152758584033,1,5.575949103146316,2026
16-001817,1655482935,СЗ ВОЛЖСКИЙ ПРОСТОР,1,264,1,4.657030223390276,2025-12-31,2026-05-20,24.0,1.8947767253044656,30.321944809461232,0.442445838205592,1,5.575949103146316,2026
16-001818,1655482935,СЗ ВОЛЖСКИЙ ПРОСТОР,1,264,1,4.657030223390276,2025-12-31,2026-05-20,24.0,1.9359675236806493,30.321944809461232,0.477565217391304,1,5.575949103146316,2026
16-001820,1660295320,СЗ АК ТАШ-ИНВЕСТСТРОЙ,1,145,1,8.098554533508542,2024-12-31,2025-09-03,24.0,2.03475935828877,18.331143232588698,0.025456090996617053,1,4.976733742420574,2025
16-001822,1659143147,СЗ СК УНИСТРОЙДОМ,1,502,0,0.0,2025-09-29,2025-09-29,36.0,2.814984326018809,27.003942181340346,0.12909987578100401,0,6.218600119691729,2025
16-001824,1656108257,СЗ СФ БРИЗ,1,174,0,0.0,2025-05-29,2025-05-29,23.0,1.9025,22.766097240473066,0.295813039704949,0,5.159055299214529,2025
16-001832,1655477910,СЗ ДЕВЕЛОПЕР №2,1,27,1,8.821287779237846,2025-09-30,2026-06-25,15.0,1.4424183006535949,26.149802890932985,0.442810556193007,1,3.295836866004329,2026
16-001833,1655367964,СЗ СМУ 88,1,355,1,2.131406044678055,2026-06-30,2026-09-04,19.0,1.6202491506228769,34.98685939553219,0.14270027377232197,0,5.872117789475416,2026
16-001834,1657144459,СЗ МИКРОРАЙОН М8,1,108,1,3.6898817345597896,2025-12-31,2026-04-21,14.0,1.1306285714285715,29.0407358738502,0.45038948179556904,1,4.68213122712422,2026
16-001835,1658047987,СЗ ТЭКОРЕСУРС,1,11,1,0.4599211563731931,2024-12-31,2025-01-14,17.0,1.5493413173652697,17.017082785808146,0.19032843953382805,0,2.3978952727983707,2025
16-001843,1657267813,СЗ ЭТАЛОН-КАЗАНЬ,1,258,1,0.7227332457293035,2025-12-31,2026-01-22,18.0,1.4537192474674383,28.74507227332457,0.259913589165244,0,5.552959584921617,2026
16-001844,1655396531,СЗ УРБАНСТРОЙ,1,74,1,2.8541392904073586,2026-03-31,2026-06-26,18.0,1.4495238095238094,31.50459921156373,0.40724865030049895,0,4.30406509320417,2026
16-001855,1655396531,СЗ УРБАНСТРОЙ,1,75,0,0.0,2026-03-31,2026-03-31,20.0,1.6755963302752297,31.044678055190538,0.340963353955011,0,4.31748811353631,2026
16-001857,1685009116,СЗ СНЕГИРИ,1,104,1,6.492772667542707,2025-06-30,2026-01-15,18.0,1.6876386036960986,21.97766097240473,0.43156090257786806,1,4.6443908991413725,2026
16-001859,1655396531,СЗ УРБАНСТРОЙ,1,69,1,0.8869908015768725,2026-03-31,2026-04-27,18.0,1.587112299465241,30.55190538764783,0.37797424347208497,0,4.23410650459726,2026
16-001860,1655293624,СЗ ПРЕМИЯ,1,17,0,0.0,2025-05-12,2025-05-12,,0.1432470588235294,19.90801576872536,0.9000722706535977,0,2.833213344056216,2025
16-001879,1683013741,СЗ САБАНТУЙ,44,44,1,2.361366622864652,2024-12-31,2025-03-11,16.0,1.8448484848484847,14.71747700394218,0.0,0,3.784189633918261,2025
16-001883,1655493334,СЗ РОСТОК,1,81,1,7.9526938239159,2025-09-30,2026-05-29,19.0,1.5565909090909091,23.390275952693823,0.443919819455901,1,4.394449154672439,2026
16-001890,1660188671,СЗ ГРАНЬ ДЕВЕЛОПМЕНТ,1,159,0,0.0,2025-03-05,2025-03-05,12.0,1.1596190476190478,16.294349540078844,0.272086861502288,0,5.0689042022202315,2025
16-001892,1656078980,СПЕЦЗАСТРОЙЩИК ТСИ,1,252,1,2.065703022339028,2025-12-31,2026-03-02,39.0,2.8848366013071893,26.149802890932985,0.470453816136125,0,5.529429087511423,2026
16-001894,1660295320,СЗ АК ТАШ-ИНВЕСТСТРОЙ,1,138,1,5.591327201051248,2025-03-31,2025-09-18,17.0,1.544716417910448,16.98423127463863,0.04915913373073899,1,4.927253685157205,2025
16-001899,1658248549,СПЕЦЗАСТРОЙЩИК ДИНАСТИЯ-4,1,226,1,3.6898817345597896,2025-09-30,2026-01-21,18.0,1.522,22.47043363994744,0.11736833574186101,1,5.420534999272286,2026
16-001901,1660188671,СЗ ГРАНЬ ДЕВЕЛОПМЕНТ,1,176,0,0.0,2025-12-15,2025-12-15,13.0,1.3211805555555556,24.93429697766097,0.32792085845962204,0,5.170483995038151,2025
16-001915,1660313298,СЗ СТРОЙУСЛУГИ-1,1,313,0,0.0,2025-08-22,2025-08-22,35.0,2.767272727272727,20.03942181340341,0.428928650573827,0,5.746203190540153,2025
16-001959,1656120695,СЗ ЖК АДМИРАЛ,1,77,1,4.361366622864652,2025-06-30,2025-11-11,19.0,1.7213095238095235,17.017082785808146,0.49882974268298397,1,4.343805421853684,2025
16-001982,1655079910,СЗ АЛТЫН,2,388,1,1.624178712220762,2026-06-30,2026-08-19,19.0,1.887376788553259,26.642575558475688,0.037784539401859496,0,5.961005339623274,2026
16-001987,1655330690,СЗ КРОНАСЕРВИС,1,28,1,6.919842312746386,2025-09-30,2026-04-28,21.0,1.891242603550296,17.1484888304862,0.422107122439054,1,3.332204510175204,2026
16-001993,1659210280,СЗ АТЛАС,1,1,0,0.0,2024-07-25,2024-07-25,,,2.135348226018397,0.0,0,0.0,2024
16-001994,1657246524,СЗ СК УНИСТРОЙДОМ-4,1,394,0,0.0,2026-06-11,2026-06-11,29.0,2.250845070422536,24.638633377135346,0.441696762225667,0,5.976350909297934,2026
16-001997,1656111330,СЗ ЗАРЕЧЬЕ,1,42,0,0.0,2025-06-30,2025-06-30,14.0,1.928325791855204,13.23915900131406,0.819838970418425,0,3.7376696182833684,2025
16-002006,1657267813,СЗ ЭТАЛОН-КАЗАНЬ,1,351,1,1.0328515111695138,2025-06-30,2025-08-01,12.0,1.799408866995074,12.64783180026281,0.09886620290640902,0,5.860786223465865,2025
16-002022,1656112990,СЗ РИВЕР СКАЙ,1,162,0,0.0,2025-12-30,2025-12-30,21.0,1.985217391304348,16.590013140604466,0.889853120869804,0,5.087596335232384,2025
16-002070,1683004909,СЗ КАШТАН,1,73,0,0.0,2025-12-19,2025-12-19,7.0,1.6777952755905512,10.183968462549275,0.548955941690328,0,4.290459441148391,2025
